record_id,doi,title,year,venue,source_databases,query_ids,openalex_id,crossref_url,identification_status,screen_title_abstract,screen_title_abstract_reason,fulltext_status,screen_fulltext,screen_fulltext_reason,evidence_lanes,A_trait,A_manipulated,pollinator_response_measured,antagonist_response_measured,common_reproductive_outcome,selection_form,cue_architecture,evolutionary_level,causal_strength,claim_ceiling,study_region,country_or_ocean_basin,latitude_reported,longitude_reported,spatial_grain,spatial_extent,single_site_vs_multisite,geographic_contrast,receiver_assemblage_contrast,biogeographic_context,historical_or_phylogenetic_context,notes
SCHPRISMA-000001,10.1002/ps.4895,"2‐Alkyl‐3‐methoxypyrazines are potent attractants of florivorous scarabs (Melolonthidae, Cyclocephalini) associated with economically exploitable Neotropical palms (Arecaceae)",2018,Pest Management Science,OPENALEX,Q02,https://openalex.org/W2794141272,,UNSCREENED,,,,,,,,,,,,,,,,,,,,,,,,,,,,
SCHPRISMA-000002,10.1086/711754,2020 American Society of Naturalists Awards,2021,The American Naturalist,OPENALEX,Q08;Q10,https://openalex.org/W4285541031,,UNSCREENED,,,,,,,,,,,,,,,,,,,,,,,,,,,,
SCHPRISMA-000003,10.3390/biology11081203,A Decrease in the Staminode-Mediated Visitor Screening Mechanism in Response to Nectar Robbers Positively Affects Reproduction in Delphinium caeruleum Jacq. ex Camb. (Ranunculaceae),2022,Biology,OPENALEX,Q08;Q13,https://openalex.org/W4291000381,,UNSCREENED,,,,,,,,,,,,,,,,,,,,,,,,,,,,
SCHPRISMA-000004,10.1002/aps3.11326,A fishing expedition to discover the pollinators of several subtropical Apocynaceae,2020,Applications in Plant Sciences,OPENALEX,Q13,https://openalex.org/W3006327257,,UNSCREENED,,,,,,,,,,,,,,,,,,,,,,,,,,,,
SCHPRISMA-000005,10.1093/aob/mcad101,"A Focus on Plant Reproduction, and a New Cover for Annals of Botany",2023,Annals of Botany,OPENALEX,Q05;Q08;Q10,https://openalex.org/W4386080670,,UNSCREENED,,,,,,,,,,,,,,,,,,,,,,,,,,,,
SCHPRISMA-000006,10.1016/j.ecolind.2021.108321,A framework to estimate the contribution of weeds to the delivery of ecosystem (dis)services in agricultural landscapes,2021,Ecological Indicators,OPENALEX,Q09;Q12,https://openalex.org/W3210514059,,UNSCREENED,,,,,,,,,,,,,,,,,,,,,,,,,,,,
SCHPRISMA-000007,10.1186/1471-2229-12-67,A generalized deceptive pollination system of Doritis pulcherrima (Aeridinae: Orchidaceae) with non-reconfigured pollinaria,2012,BMC Plant Biology,OPENALEX,Q10,https://openalex.org/W2153115410,,UNSCREENED,,,,,,,,,,,,,,,,,,,,,,,,,,,,
SCHPRISMA-000008,10.1890/08-0511.1,A geographic selection mosaic in a generalized plant–pollinator–herbivore system,2009,Ecological Monographs,OPENALEX,Q10,https://openalex.org/W2002803958,,UNSCREENED,,,,,,,,,,,,,,,,,,,,,,,,,,,,
SCHPRISMA-000009,10.3389/fpls.2025.1552335,A guide to sunflowers: floral resource nutrition for bee health and key pollination syndromes,2025,Frontiers in Plant Science,OPENALEX,Q01;Q05;Q09,https://openalex.org/W4410014262,,UNSCREENED,,,,,,,,,,,,,,,,,,,,,,,,,,,,
SCHPRISMA-000010,,A Hive Mind: Bounded Rationality and Bees,2025,VTechWorks (Virginia Tech),OPENALEX,Q12,https://openalex.org/W7112160285,,UNSCREENED,,,,,,,,,,,,,,,,,,,,,,,,,,,,
SCHPRISMA-000011,10.1002/ecy.2707,A meta‐analysis of herbivore effects on plant attractiveness to pollinators,2019,Ecology,OPENALEX,Q01;Q05;Q09;Q10;Q11,https://openalex.org/W2937285226,,UNSCREENED,,,,,,,,,,,,,,,,,,,,,,,,,,,,
SCHPRISMA-000012,10.1101/2021.10.21.465334,A pathogenic fungus uses volatiles to entice male flies into fatal matings with infected female cadavers,2021,bioRxiv (Cold Spring Harbor Laboratory),OPENALEX,Q01;Q05,https://openalex.org/W3205741795,,UNSCREENED,,,,,,,,,,,,,,,,,,,,,,,,,,,,
SCHPRISMA-000013,10.1186/s12862-023-02151-9,A phylogeny of the evening primrose family (Onagraceae) using a target enrichment approach with 303 nuclear loci,2023,BMC Ecology and Evolution,OPENALEX,Q01;Q05,https://openalex.org/W4388744213,,UNSCREENED,,,,,,,,,,,,,,,,,,,,,,,,,,,,
SCHPRISMA-000014,10.2307/2656693,A prescription for gender study in thenext century,2000,American Journal of Botany,OPENALEX,Q09,https://openalex.org/W2184153816,,UNSCREENED,,,,,,,,,,,,,,,,,,,,,,,,,,,,
SCHPRISMA-000015,10.1105/tpc.19.00320,"A Promiscuous CYP706A3 Reduces Terpene Volatile Emission from Arabidopsis Flowers, Affecting Florivores and the Floral Microbiome",2019,The Plant Cell,OPENALEX,Q01;Q02;Q05;Q11,https://openalex.org/W2981167656,,UNSCREENED,,,,,,,,,,,,,,,,,,,,,,,,,,,,
SCHPRISMA-000016,10.1002/ajb2.1100,A quick glance at noteworthy articles in this month's issue,2018,American Journal of Botany,OPENALEX,Q13,https://openalex.org/W4252015692,,UNSCREENED,,,,,,,,,,,,,,,,,,,,,,,,,,,,
SCHPRISMA-000017,10.38059/biodiversity.814617,A review for the pollinators of Papilionaceous flowers,2021,Turkish Journal of Biodiversity,OPENALEX,Q13,https://openalex.org/W3142164350,,UNSCREENED,,,,,,,,,,,,,,,,,,,,,,,,,,,,
SCHPRISMA-000018,10.1016/j.scienta.2023.112402,A review on floral scents and pigments in cucurbits: Their biosynthesis and role in flower visitor interactions,2023,Scientia Horticulturae,OPENALEX,Q02,https://openalex.org/W4386322684,,UNSCREENED,,,,,,,,,,,,,,,,,,,,,,,,,,,,
SCHPRISMA-000019,10.1038/s41467-022-35353-8,A signal-like role for floral humidity in a nocturnal pollination system,2022,Nature Communications,OPENALEX,Q10;Q11,https://openalex.org/W4311766672,,UNSCREENED,,,,,,,,,,,,,,,,,,,,,,,,,,,,
SCHPRISMA-000020,10.1111/j.1438-8677.2008.00140.x,A simple floral fragrance and unusual osmophore structure in Cyclopogon elatus (Orchidaceae),2009,Plant Biology,OPENALEX,Q01;Q02;Q04;Q05;Q08;Q13,https://openalex.org/W1989800006,,UNSCREENED,,,,,,,,,,,,,,,,,,,,,,,,,,,,
SCHPRISMA-000021,10.1111/nph.15844,A simple genetic architecture and low constraint allow rapid floral evolution in a diverse and recently radiating plant genus,2019,New Phytologist,OPENALEX,Q10,https://openalex.org/W2910124651,,UNSCREENED,,,,,,,,,,,,,,,,,,,,,,,,,,,,
SCHPRISMA-000022,10.1101/516377,A simple genetic architecture and low constraint allows rapid floral evolution in a diverse and recently radiating plant genus,2019,bioRxiv (Cold Spring Harbor Laboratory),OPENALEX,Q10,https://openalex.org/W2949331204,,UNSCREENED,,,,,,,,,,,,,,,,,,,,,,,,,,,,
SCHPRISMA-000023,10.1093/aobpla/plab054,A sophisticated case of division of labour in the trimorphic stamens of theCassia fistula(Leguminosae) flower,2021,AoB Plants,OPENALEX,Q10,https://openalex.org/W3196601519,,UNSCREENED,,,,,,,,,,,,,,,,,,,,,,,,,,,,
SCHPRISMA-000024,10.1186/s12915-015-0124-6,A stable JAZ protein from peach mediates the transition from outcrossing to self-pollination,2015,BMC Biology,OPENALEX,Q08,https://openalex.org/W2080105818,,UNSCREENED,,,,,,,,,,,,,,,,,,,,,,,,,,,,
SCHPRISMA-000025,10.20381/ruor-2913,A Study of the Impact of an Introduced Herbivore on Pollinator-mediated Interactions and Female Fitness in 'Lythrum salicaria',2013,uO Research (University of Ottawa),OPENALEX,Q08,https://openalex.org/W928999467,,UNSCREENED,,,,,,,,,,,,,,,,,,,,,,,,,,,,
SCHPRISMA-000026,10.1111/een.13411,A tale of long tails: Evolution of host specialization in non‐pollinating fig wasps,2024,Ecological Entomology,OPENALEX,Q01,https://openalex.org/W4405202631,,UNSCREENED,,,,,,,,,,,,,,,,,,,,,,,,,,,,
SCHPRISMA-000027,10.20381/ruor-23532,"Adaptation and Diversification in Bluebells (Mertensia spp., Boraginaceae)",2019,uO Research (University of Ottawa),OPENALEX,Q08;Q09,https://openalex.org/W2968547934,,UNSCREENED,,,,,,,,,,,,,,,,,,,,,,,,,,,,
SCHPRISMA-000028,10.1126/science.364.6436.141-g,Adaptation by way of compromise,2019,Science,OPENALEX,Q08,https://openalex.org/W2939411615,,UNSCREENED,,,,,,,,,,,,,,,,,,,,,,,,,,,,
SCHPRISMA-000029,,Adaptations to ecological interactions.,1993,UA Campus Repository (The University of Arizona),OPENALEX,Q12,https://openalex.org/W839438783,,UNSCREENED,,,,,,,,,,,,,,,,,,,,,,,,,,,,
SCHPRISMA-000030,10.1890/14-0119.1,Additive effects of pollinators and herbivores result in both conflicting and reinforcing selection on floral traits,2014,Ecology,OPENALEX,Q08;Q10,https://openalex.org/W2074727639,,UNSCREENED,,,,,,,,,,,,,,,,,,,,,,,,,,,,
SCHPRISMA-000031,10.1890/11-0825.1,Advertising to the enemy: enhanced floral fragrance increases beetle attraction and reduces plant reproduction,2011,Ecology,OPENALEX,Q02,https://openalex.org/W2135120665,,UNSCREENED,,,,,,,,,,,,,,,,,,,,,,,,,,,,
SCHPRISMA-000032,10.1038/s41598-024-65352-2,Agricultural landscape simplification affects wild plant reproduction indirectly through herbivore-mediated changes in floral display,2024,Scientific Reports,OPENALEX,Q08;Q09;Q10;Q11,https://openalex.org/W4399900101,,UNSCREENED,,,,,,,,,,,,,,,,,,,,,,,,,,,,
SCHPRISMA-000033,10.1098/rspb.2023.1453,"Agricultural soil legacy influences multitrophic interactions between crops, their pathogens and pollinators",2023,Proceedings of the Royal Society B Biological Sciences,OPENALEX,Q01;Q08;Q09;Q10;Q11,https://openalex.org/W4389146472,,UNSCREENED,,,,,,,,,,,,,,,,,,,,,,,,,,,,
SCHPRISMA-000034,10.1890/07-1491.1,ALIEN BUMBLE BEE AFFECTS NATIVE PLANT REPRODUCTION THROUGH INTERACTIONS WITH NATIVE BUMBLE BEES,2008,Ecology,OPENALEX,Q13,https://openalex.org/W2072695199,,UNSCREENED,,,,,,,,,,,,,,,,,,,,,,,,,,,,
SCHPRISMA-000035,10.1101/2020.04.26.062133,Allelic differences of clustered terpene synthases contribute to correlated intra-specific variation of floral and herbivory-induced volatiles in a wild tobacco,2020,bioRxiv (Cold Spring Harbor Laboratory),OPENALEX,Q01;Q05;Q07;Q10;Q11,https://openalex.org/W3019641630,,UNSCREENED,,,,,,,,,,,,,,,,,,,,,,,,,,,,
SCHPRISMA-000036,10.1111/nph.16739,Allelic differences of clustered terpene synthases contribute to correlated intraspecific variation of floral and herbivory‐induced volatiles in a wild tobacco,2020,New Phytologist,OPENALEX,Q01;Q05;Q06;Q10;Q11,https://openalex.org/W3034243592,,UNSCREENED,,,,,,,,,,,,,,,,,,,,,,,,,,,,
SCHPRISMA-000037,10.1016/j.agee.2022.108219,"Amending soil with insect exuviae improves herbivore tolerance, pollinator attraction and seed yield of Brassica nigra plants",2022,Agriculture Ecosystems & Environment,OPENALEX,Q08;Q10,https://openalex.org/W4307040827,,UNSCREENED,,,,,,,,,,,,,,,,,,,,,,,,,,,,
SCHPRISMA-000038,10.1002/ajb2.16186,Among‐species variation in flower size determines florivory in the largest tropical wetland,2023,American Journal of Botany,OPENALEX,Q08;Q09;Q10;Q13,https://openalex.org/W4376573794,,UNSCREENED,,,,,,,,,,,,,,,,,,,,,,,,,,,,
SCHPRISMA-000039,10.1104/pp.010762,An Ecologically Motivated Analysis of Plant-Herbivore Interactions in Native Tobacco,2001,PLANT PHYSIOLOGY,OPENALEX,Q01,https://openalex.org/W2019797603,,UNSCREENED,,,,,,,,,,,,,,,,,,,,,,,,,,,,
SCHPRISMA-000040,10.1093/sysbio/sys068,An Extreme Case of Plant–Insect Codiversification: Figs and Fig-Pollinating Wasps,2012,Systematic Biology,OPENALEX,Q05,https://openalex.org/W2110047881,,UNSCREENED,,,,,,,,,,,,,,,,,,,,,,,,,,,,
SCHPRISMA-000041,10.1093/aob/mcae187,An introduction to the Special Issue on Global Change and Plant Reproduction,2024,Annals of Botany,OPENALEX,Q01;Q02;Q04;Q05;Q09;Q10;Q13,https://openalex.org/W4405533167,,UNSCREENED,,,,,,,,,,,,,,,,,,,,,,,,,,,,
SCHPRISMA-000042,10.3390/horticulturae7110451,"An Update on the Function, Biosynthesis and Regulation of Floral Volatile Terpenoids",2021,Horticulturae,OPENALEX,Q01;Q02;Q03;Q05;Q06;Q07;Q09;Q10;Q12,https://openalex.org/W3210740577,,UNSCREENED,,,,,,,,,,,,,,,,,,,,,,,,,,,,
SCHPRISMA-000043,10.1186/s12870-022-03659-w,Ancillary polymorphic floral traits between two morphs adaptive to hawkmoth pollination in distylous plant Tirpitzia sinensis (Linaceae),2022,BMC Plant Biology,OPENALEX,Q01;Q04;Q10;Q13,https://openalex.org/W4281867424,,UNSCREENED,,,,,,,,,,,,,,,,,,,,,,,,,,,,
SCHPRISMA-000044,10.1101/2020.02.11.943431,Ant guards influence the mating system of their plant hosts by altering pollinator behaviour,2020,bioRxiv (Cold Spring Harbor Laboratory),OPENALEX,Q08,https://openalex.org/W3006511022,,UNSCREENED,,,,,,,,,,,,,,,,,,,,,,,,,,,,
SCHPRISMA-000045,,Ant-pollinator interactions in Turnera velutina: ecological costs and evolutionary consequences for the ant-plant pollination,2019,ERA,OPENALEX,Q05;Q08;Q10;Q12,https://openalex.org/W2945553776,,UNSCREENED,,,,,,,,,,,,,,,,,,,,,,,,,,,,
SCHPRISMA-000046,10.1098/rspb.2010.0163,Antagonistic effects of floral scent in an insect–plant interaction,2010,Proceedings of the Royal Society B Biological Sciences,OPENALEX,Q01;Q05,https://openalex.org/W2116534741,,UNSCREENED,,,,,,,,,,,,,,,,,,,,,,,,,,,,
SCHPRISMA-000047,,ANTAGONISTS AND MIXED MATING: CONSEQUENCES FOR THE DEMOGRAPHY OF IMPATIENS CAPENSIS (BALSAMINACEAE),2005,D-Scholarship@Pitt (University of Pittsburgh),OPENALEX,Q08;Q09;Q10,https://openalex.org/W2122243689,,UNSCREENED,,,,,,,,,,,,,,,,,,,,,,,,,,,,
SCHPRISMA-000048,10.1111/plb.70060,Anther mimicry in an African orchid pollinated by pollen‐feeding beetles,2025,Plant Biology,OPENALEX,Q01;Q02;Q07,https://openalex.org/W4411555023,,UNSCREENED,,,,,,,,,,,,,,,,,,,,,,,,,,,,
SCHPRISMA-000049,10.1111/evo.12900,Antiherbivore defenses alter natural selection on plant reproductive traits,2016,Evolution,OPENALEX,Q10,https://openalex.org/W2291278863,,UNSCREENED,,,,,,,,,,,,,,,,,,,,,,,,,,,,
SCHPRISMA-000050,10.1111/jen.13427,Ants as Potential Pollinators in Agroecological Crops,2025,Journal of Applied Entomology,OPENALEX,Q02;Q04;Q10;Q13,https://openalex.org/W4410811939,,UNSCREENED,,,,,,,,,,,,,,,,,,,,,,,,,,,,
SCHPRISMA-000051,10.1093/jxb/eraf522,Aphid infestation induces plant sex-specific changes in floral chemistry and pollinator behaviour in Silene latifolia,2025,Journal of Experimental Botany,OPENALEX,Q01,https://openalex.org/W4416768539,,UNSCREENED,,,,,,,,,,,,,,,,,,,,,,,,,,,,
SCHPRISMA-000052,10.1101/2025.07.22.666187,Aphid infestation induces plant-sex-specific changes in floral chemistry and pollinator behaviour in Silene latifolia,2025,bioRxiv (Cold Spring Harbor Laboratory),OPENALEX,Q01,https://openalex.org/W4412865162,,UNSCREENED,,,,,,,,,,,,,,,,,,,,,,,,,,,,
SCHPRISMA-000053,10.1371/journal.pone.0018230,Arctic Mustard Flower Color Polymorphism Controlled by Petal-Specific Downregulation at the Threshold of the Anthocyanin Biosynthetic Pathway,2011,PLoS ONE,OPENALEX,Q01;Q06,https://openalex.org/W2145916438,,UNSCREENED,,,,,,,,,,,,,,,,,,,,,,,,,,,,
SCHPRISMA-000054,10.1007/s10682-014-9751-6,Are pollinators and seed predators selective agents on flower color in Gentiana lutea?,2015,Evolutionary Ecology,OPENALEX,Q12,https://openalex.org/W631268853,,UNSCREENED,,,,,,,,,,,,,,,,,,,,,,,,,,,,
SCHPRISMA-000055,10.1007/s10682-022-10174-9,Are some species ‘robust’ to exploitation? Explaining persistence in deceptive relationships,2022,Evolutionary Ecology,OPENALEX,Q01;Q05;Q06;Q10,https://openalex.org/W4223459709,,UNSCREENED,,,,,,,,,,,,,,,,,,,,,,,,,,,,
SCHPRISMA-000056,10.1093/aob/mcu244,"Are tetraploids more successful? Floral signals, reproductive success and floral isolation in mixed-ploidy populations of a terrestrial orchid",2015,Annals of Botany,OPENALEX,Q01;Q05;Q07;Q08;Q09;Q10;Q11,https://openalex.org/W2318695125,,UNSCREENED,,,,,,,,,,,,,,,,,,,,,,,,,,,,
SCHPRISMA-000057,10.1111/ele.12257,Arranging the bouquet of disease: floral traits and the transmission of plant and animal pathogens,2014,Ecology Letters,OPENALEX,Q10,https://openalex.org/W2074333649,,UNSCREENED,,,,,,,,,,,,,,,,,,,,,,,,,,,,
SCHPRISMA-000058,,Arthopod Fauna Associated With Kudzu (Pueraria montana var. lobata Willd) In North Carolina,2004,NCSU Libraries Repository (North Carolina State University Libraries),OPENALEX,Q06,https://openalex.org/W2521346186,,UNSCREENED,,,,,,,,,,,,,,,,,,,,,,,,,,,,
SCHPRISMA-000059,10.33745/ijzi.2022.v08i01.011,Arthropod Assemblage Associated with Clerodendrum infortunatum L. (Family: Lamiaceae),2022,International Journal of Zoological Investigations,OPENALEX,Q01;Q04,https://openalex.org/W4225774532,,UNSCREENED,,,,,,,,,,,,,,,,,,,,,,,,,,,,
SCHPRISMA-000060,10.3390/insects14120913,Arthropods Associated with Invasive Frangula alnus (Rosales: Rhamnaceae): Implications for Invasive Plant and Insect Management,2023,Insects,OPENALEX,Q01;Q02;Q05,https://openalex.org/W4389098646,,UNSCREENED,,,,,,,,,,,,,,,,,,,,,,,,,,,,
SCHPRISMA-000061,10.7818/ecos.2013.22-2.16,Asociación entre el robo de néctar y las características florales en una comunidad montana de los Andes colombianos,2013,Ecosistemas,OPENALEX,Q13,https://openalex.org/W3129629679,,UNSCREENED,,,,,,,,,,,,,,,,,,,,,,,,,,,,
SCHPRISMA-000062,10.14393/ufu.te.2021.395,Aspectos reprodutivos de orquídeas em ambientes de Vereda do Cerrado,2021,,OPENALEX,Q08;Q09,https://openalex.org/W4207006457,,UNSCREENED,,,,,,,,,,,,,,,,,,,,,,,,,,,,
SCHPRISMA-000063,10.1007/s44372-024-00071-6,Assessing floral trait variation in Platanthera dilatata (Orchidaceae) across an elevational gradient,2024,Discover Plants.,OPENALEX,Q06;Q08;Q09;Q10,https://openalex.org/W4405706256,,UNSCREENED,,,,,,,,,,,,,,,,,,,,,,,,,,,,
SCHPRISMA-000064,10.1088/1755-1315/549/1/012068,"Assessing the Floral Volatile Constituents of Male and Female Rafflesia Kerri Meijer from Lojing Highlands, Peninsular Malaysia",2020,IOP Conference Series Earth and Environmental Science,OPENALEX,Q01;Q05,https://openalex.org/W3088546932,,UNSCREENED,,,,,,,,,,,,,,,,,,,,,,,,,,,,
SCHPRISMA-000065,10.5962/p.266514,Association of three species of Strymon Hubner (Lycaenidae: Theclinae: Eumaeini) with bromeliads in southern Brazil,2010,Journal of Research on the Lepidoptera,OPENALEX,Q13,https://openalex.org/W4298297996,,UNSCREENED,,,,,,,,,,,,,,,,,,,,,,,,,,,,
SCHPRISMA-000066,10.1038/srep07721,Asymmetrical disassortative pollination in a distylous primrose: the complementary roles of bumblebee nectar robbers and syrphid flies,2015,Scientific Reports,OPENALEX,Q13,https://openalex.org/W2024969640,,UNSCREENED,,,,,,,,,,,,,,,,,,,,,,,,,,,,
SCHPRISMA-000067,10.1002/ece3.1544,Asymmetrical nature of the T rollius– C hiastocheta interaction: insights into the evolution of nursery pollination systems,2015,Ecology and Evolution,OPENALEX,Q10,https://openalex.org/W2103504379,,UNSCREENED,,,,,,,,,,,,,,,,,,,,,,,,,,,,
SCHPRISMA-000068,10.1105/tpc.19.00814,Attract or Defend: The CYP-Associated Versatility of Terpenoids,2019,The Plant Cell,OPENALEX,Q02,https://openalex.org/W2981246940,,UNSCREENED,,,,,,,,,,,,,,,,,,,,,,,,,,,,
SCHPRISMA-000069,10.1890/03-0409,ATTRACTING ANTAGONISTS: DOES FLORAL NECTAR INCREASE LEAF HERBIVORY?,2004,Ecology,OPENALEX,Q10;Q12;Q13,https://openalex.org/W2102556602,,UNSCREENED,,,,,,,,,,,,,,,,,,,,,,,,,,,,
SCHPRISMA-000070,10.3732/ajb.1400171,Attracting mutualists and antagonists: Plant trait variation explains the distribution of specialist floral herbivores and pollinators on crops and wild gourds,2014,American Journal of Botany,OPENALEX,Q01;Q03;Q10;Q12,https://openalex.org/W2129977771,,UNSCREENED,,,,,,,,,,,,,,,,,,,,,,,,,,,,
SCHPRISMA-000071,10.3389/fpls.2026.1761150,Augmenting plant-pollinator interactions to promote biodiversity and global food security,2026,Frontiers in Plant Science,OPENALEX,Q02,https://openalex.org/W7154504600,,UNSCREENED,,,,,,,,,,,,,,,,,,,,,,,,,,,,
SCHPRISMA-000072,10.7554/elife.07641.009,Author response: How scent and nectar influence floral antagonists and mutualists,2015,,OPENALEX,Q01,https://openalex.org/W2986321041,,UNSCREENED,,,,,,,,,,,,,,,,,,,,,,,,,,,,
SCHPRISMA-000073,10.1890/13-2309.1,Balancing anti‐herbivore benefits and anti‐pollinator costs of defensive mutualists,2014,Ecology,OPENALEX,Q05,https://openalex.org/W2050002115,,UNSCREENED,,,,,,,,,,,,,,,,,,,,,,,,,,,,
SCHPRISMA-000074,10.7302/3062,Bee-Plant Interactions in Coffee Agroecosystems: Management and Matrix Effects on Mutualistic and Antagonistic Relationships,2021,Deep Blue (University of Michigan),OPENALEX,Q08;Q09;Q10;Q11;Q12;Q13,https://openalex.org/W4287536459,,UNSCREENED,,,,,,,,,,,,,,,,,,,,,,,,,,,,
SCHPRISMA-000075,10.1038/s41467-024-46841-4,Bee-pollination promotes rapid divergent evolution in plants growing in different soils,2024,Nature Communications,OPENALEX,Q01;Q02;Q05;Q09,https://openalex.org/W4393217760,,UNSCREENED,,,,,,,,,,,,,,,,,,,,,,,,,,,,
SCHPRISMA-000076,10.1111/jen.12059,Bee visit rates vary with floral morphology among highbush blueberry cultivars ( V accinium corymbosum L .),2013,Journal of Applied Entomology,OPENALEX,Q13,https://openalex.org/W2030985145,,UNSCREENED,,,,,,,,,,,,,,,,,,,,,,,,,,,,
SCHPRISMA-000077,10.1101/2025.11.20.689644,"Bees attend primarily to costs, not benefits, to avoid exploitation by floral mimics",2025,bioRxiv (Cold Spring Harbor Laboratory),OPENALEX,Q10;Q11;Q13,https://openalex.org/W4416466100,,UNSCREENED,,,,,,,,,,,,,,,,,,,,,,,,,,,,
SCHPRISMA-000078,10.1111/jen.13471,Beetle Pollination in the Holoparasitic Lophophytum pyramidale (Balanophoraceae): A New Case of Brood‐Pollination Mutualism?,2025,Journal of Applied Entomology,OPENALEX,Q01;Q03;Q12,https://openalex.org/W4412947059,,UNSCREENED,,,,,,,,,,,,,,,,,,,,,,,,,,,,
SCHPRISMA-000079,10.1201/9781420004007-13,Behavioral Responses to Floral Scent: Experimental Manipulations and the Interplay of Sensory Modalities,2006,,OPENALEX,Q01,https://openalex.org/W2502810695,,UNSCREENED,,,,,,,,,,,,,,,,,,,,,,,,,,,,
SCHPRISMA-000080,,Behavioral Responses To Multi-Modal Stimulation: The Organization Of The Foraging Instinct Of Manduca Sexta,2009,eCommons (Cornell University),OPENALEX,Q10;Q11,https://openalex.org/W1771851344,,UNSCREENED,,,,,,,,,,,,,,,,,,,,,,,,,,,,
SCHPRISMA-000081,,Behavioural and ecological dynamics in competitive pollination networks,2015,Univ. Duesseldorf: Duesseldorfer Dokumenten- und Publikationsserver,OPENALEX,Q10,https://openalex.org/W2531418855,,UNSCREENED,,,,,,,,,,,,,,,,,,,,,,,,,,,,
SCHPRISMA-000082,10.1890/08-2278.1,Benefit and cost curves for typical pollination mutualisms,2010,Ecology,OPENALEX,Q04;Q13,https://openalex.org/W2113326727,,UNSCREENED,,,,,,,,,,,,,,,,,,,,,,,,,,,,
SCHPRISMA-000083,10.1086/673245,"Betalain Color Morphs Exhibit Differential Growth, Defensive Ability, and Pollen Tube Growth Rates inMirabilis jalapa(Nyctaginaceae)",2013,International Journal of Plant Sciences,OPENALEX,Q06,https://openalex.org/W2065776166,,UNSCREENED,,,,,,,,,,,,,,,,,,,,,,,,,,,,
SCHPRISMA-000084,10.1111/j.1365-2745.2010.01648.x,"Beyond biomass: measuring the effects of community‐level nitrogen enrichment on floral traits, pollinator visitation and plant reproduction",2010,Journal of Ecology,OPENALEX,Q08;Q09;Q10,https://openalex.org/W2112126415,,UNSCREENED,,,,,,,,,,,,,,,,,,,,,,,,,,,,
SCHPRISMA-000085,10.1007/s10682-011-9509-3,Beyond pollinator attraction: extra-floral displays deter herbivores in a Mediterranean annual plant,2011,Evolutionary Ecology,OPENALEX,Q08,https://openalex.org/W1979158953,,UNSCREENED,,,,,,,,,,,,,,,,,,,,,,,,,,,,
SCHPRISMA-000086,10.5091/plecevo.2017.1321,"Beyond pollinators: evolution of floral architecture with environment across the wild sunflowers (Helianthus, Asteraceae)",2017,Plant Ecology and Evolution,OPENALEX,Q08;Q09;Q12,https://openalex.org/W2736342489,,UNSCREENED,,,,,,,,,,,,,,,,,,,,,,,,,,,,
SCHPRISMA-000087,10.1007/s11829-026-10238-5,"Beyond predator bodyguards: ant attendance at post-floral pericarpial nectaries increases fruit production, improves fruit morphology, and reduces nectar thief visitation in Declieuxia fruticosa (Rubiaceae)",2026,Arthropod-Plant Interactions,OPENALEX,Q12,https://openalex.org/W7140114203,,UNSCREENED,,,,,,,,,,,,,,,,,,,,,,,,,,,,
SCHPRISMA-000088,10.53846/goediss-1858,"Bienen, Wespen und deren Parasitoide in traditionellen Kaffee-Agroforstsystemen: Lebensgemeinschaftsmuster und Ökosystemdienstleistungen",2006,,OPENALEX,Q10,https://openalex.org/W166743876,,UNSCREENED,,,,,,,,,,,,,,,,,,,,,,,,,,,,
SCHPRISMA-000089,10.1104/pp.122.3.627,Biochemical and Molecular Genetic Aspects of Floral Scents,2000,PLANT PHYSIOLOGY,OPENALEX,Q01;Q05,https://openalex.org/W2120056553,,UNSCREENED,,,,,,,,,,,,,,,,,,,,,,,,,,,,
SCHPRISMA-000090,10.3389/fpls.2018.01031,Biochemical Traits in the Flower Lifetime of a Mexican Mistletoe Parasitizing Mesquite Biomass,2018,Frontiers in Plant Science,OPENALEX,Q01,https://openalex.org/W2883440081,,UNSCREENED,,,,,,,,,,,,,,,,,,,,,,,,,,,,
SCHPRISMA-000091,10.1104/pp.104.049981,Biochemistry of Plant Volatiles,2004,PLANT PHYSIOLOGY,OPENALEX,Q01;Q05,https://openalex.org/W2104362138,,UNSCREENED,,,,,,,,,,,,,,,,,,,,,,,,,,,,
SCHPRISMA-000092,10.11606/d.59.2009.tde-05082009-112829,"Biologia larval de Pegoscapus tonduzi (Chalcidoidea: Agaonidae), polinizador de Ficus citrifolia (Moraceae)",2009,,OPENALEX,Q12,https://openalex.org/W1684522067,,UNSCREENED,,,,,,,,,,,,,,,,,,,,,,,,,,,,
SCHPRISMA-000093,10.1111/1365-2745.14341,Biological Flora of Britain and Ireland: Silene uniflora ‡,2024,Journal of Ecology,OPENALEX,Q12,https://openalex.org/W4399103082,,UNSCREENED,,,,,,,,,,,,,,,,,,,,,,,,,,,,
SCHPRISMA-000094,10.1111/j.1365-2745.2010.01678.x,Biological Flora of the British Isles: Cirsium arvense (L.) Scop.,2010,Journal of Ecology,OPENALEX,Q05,https://openalex.org/W2101481706,,UNSCREENED,,,,,,,,,,,,,,,,,,,,,,,,,,,,
SCHPRISMA-000095,10.1111/j.1365-2745.2012.02006.x,Biological Flora of the British Isles:Gymnadenia conopsea s.l.,2012,Journal of Ecology,OPENALEX,Q01;Q08,https://openalex.org/W1985971461,,UNSCREENED,,,,,,,,,,,,,,,,,,,,,,,,,,,,
SCHPRISMA-000096,10.1111/j.1365-2745.2011.01897.x,Biological flora of the British Isles: Orchis anthropophora (L.) All. (Aceras anthropophorum (L.) W.T. Aiton),2011,Journal of Ecology,OPENALEX,Q01,https://openalex.org/W1510086336,,UNSCREENED,,,,,,,,,,,,,,,,,,,,,,,,,,,,
SCHPRISMA-000097,10.1111/j.1365-2745.2008.01473.x,Biological Flora of the British Isles:Orchis mascula(L.) L.,2009,Journal of Ecology,OPENALEX,Q01,https://openalex.org/W2036818051,,UNSCREENED,,,,,,,,,,,,,,,,,,,,,,,,,,,,
SCHPRISMA-000098,10.1111/1365-2745.13805,Biological Flora of the British Isles: Salvia pratensis,2021,Journal of Ecology,OPENALEX,Q13,https://openalex.org/W3209302211,,UNSCREENED,,,,,,,,,,,,,,,,,,,,,,,,,,,,
SCHPRISMA-000099,10.1111/nph.12145,"Biosynthesis, function and metabolic engineering of plant volatile organic compounds",2013,New Phytologist,OPENALEX,Q05,https://openalex.org/W2052212755,,UNSCREENED,,,,,,,,,,,,,,,,,,,,,,,,,,,,
SCHPRISMA-000100,10.1080/09168451.2016.1191333,Biosynthesis of floral scent 2-phenylethanol in rose flowers,2016,Bioscience Biotechnology and Biochemistry,OPENALEX,Q01;Q05,https://openalex.org/W2434128815,,UNSCREENED,,,,,,,,,,,,,,,,,,,,,,,,,,,,
SCHPRISMA-000101,10.18174/255281,"Biosynthesis of monoterpene alcohols, derivatives and conjugates in plants : roles in resistance to western flower thrips",2013,,OPENALEX,Q01,https://openalex.org/W2561446594,,UNSCREENED,,,,,,,,,,,,,,,,,,,,,,,,,,,,
SCHPRISMA-000102,10.1038/s41467-024-49383-x,Biotic interactions promote local adaptation to soil in plants,2024,Nature Communications,OPENALEX,Q09;Q10,https://openalex.org/W4399777257,,UNSCREENED,,,,,,,,,,,,,,,,,,,,,,,,,,,,
SCHPRISMA-000103,10.1101/2024.02.05.578857,Biotic interactions promote local adaptation to soil in plants,2024,bioRxiv (Cold Spring Harbor Laboratory),OPENALEX,Q09;Q10,https://openalex.org/W4391641753,,UNSCREENED,,,,,,,,,,,,,,,,,,,,,,,,,,,,
SCHPRISMA-000104,10.1590/1809-4392201703932,Biting the hand that feeds you: wedge-billed hummingbird is a nectar robber of a sicklebill-adapted Andean bellflower,2018,Acta Amazonica,OPENALEX,Q13,https://openalex.org/W2799473788,,UNSCREENED,,,,,,,,,,,,,,,,,,,,,,,,,,,,
SCHPRISMA-000105,10.5194/we-26-83-2026,Blueberry floral morphology influences pollinator visitation and behavioural patterns,2026,Web Ecology,OPENALEX,Q13,https://openalex.org/W7164409219,,UNSCREENED,,,,,,,,,,,,,,,,,,,,,,,,,,,,
SCHPRISMA-000106,10.1111/j.1365-2745.2010.01729.x,Both seedling banks and specialist seed predators promote the evolution of synchronized and intermittent reproduction (masting) in trees,2010,Journal of Ecology,OPENALEX,Q12,https://openalex.org/W1515954634,,UNSCREENED,,,,,,,,,,,,,,,,,,,,,,,,,,,,
SCHPRISMA-000107,,Bottom-up effects of eutrophication on insect interaction networks,,Bristol Research (University of Bristol),OPENALEX,Q09,https://openalex.org/W7139670510,,UNSCREENED,,,,,,,,,,,,,,,,,,,,,,,,,,,,
SCHPRISMA-000108,10.3389/fpls.2021.767725,Breeding System and Response of the Pollinator to Floral Larceny and Florivory Define the Reproductive Success in Aerides odorata,2022,Frontiers in Plant Science,OPENALEX,Q08;Q10;Q13,https://openalex.org/W4206194090,,UNSCREENED,,,,,,,,,,,,,,,,,,,,,,,,,,,,
SCHPRISMA-000109,10.1080/10635150590923209,"Bromeliaceae: Profile of an Adaptive Radiation.—D. H. Benzing (with contributions from B. Bennet, G. Brown, M. Dimmitt, H. Luther, I. Ramirez, R. Terry and W. Till). 2000. Cambridge University Press, Cambridge, U.K. xii + 690 pp. ISBN 0–521–43031–3. $160.00 (hard cover).",2005,Systematic Biology,OPENALEX,Q01,https://openalex.org/W2209796660,,UNSCREENED,,,,,,,,,,,,,,,,,,,,,,,,,,,,
SCHPRISMA-000110,10.1111/nph.70859,Brood pollination mutualism between cryptic‐flower Aspidistra and pollen‐parasite midges,2025,New Phytologist,OPENALEX,Q03;Q12,https://openalex.org/W7117453468,,UNSCREENED,,,,,,,,,,,,,,,,,,,,,,,,,,,,
SCHPRISMA-000111,10.1038/srep37087,Bumble bee parasite strains vary in resistance to phytochemicals,2016,Scientific Reports,OPENALEX,Q01;Q05,https://openalex.org/W2549151811,,UNSCREENED,,,,,,,,,,,,,,,,,,,,,,,,,,,,
SCHPRISMA-000112,10.1111/eea.13201,Bumblebee attraction toMatthiola lividaflowers is altered by combined water stress and insect herbivory,2022,Entomologia Experimentalis et Applicata,OPENALEX,Q05,https://openalex.org/W4282594901,,UNSCREENED,,,,,,,,,,,,,,,,,,,,,,,,,,,,
SCHPRISMA-000113,10.13001/uwnpsrc.2004.3583,Bumblebee Preadators Reduce Pollinator Density and Plant Fitness,2004,The UW National Parks Service Research Station Annual Reports,OPENALEX,Q12,https://openalex.org/W27973841,,UNSCREENED,,,,,,,,,,,,,,,,,,,,,,,,,,,,
SCHPRISMA-000114,10.1242/jeb.097543,Bumblebees are not deterred by ecologically relevant concentrations of nectar toxins,2014,Journal of Experimental Biology,OPENALEX,Q13,https://openalex.org/W2114372149,,UNSCREENED,,,,,,,,,,,,,,,,,,,,,,,,,,,,
SCHPRISMA-000115,10.1098/rspb.2018.0661,"Bumblebees distinguish floral scent patterns, and can transfer these to corresponding visual patterns",2018,Proceedings of the Royal Society B Biological Sciences,OPENALEX,Q01;Q05;Q07;Q08,https://openalex.org/W2807759202,,UNSCREENED,,,,,,,,,,,,,,,,,,,,,,,,,,,,
SCHPRISMA-000116,10.1086/716637,Can Conflicting Selection from Pollinators and Nectar-Robbing Antagonists Drive Adaptive Pollen Limitation? A Conceptual Model and Empirical Test,2021,The American Naturalist,OPENALEX,Q13,https://openalex.org/W3185522226,,UNSCREENED,,,,,,,,,,,,,,,,,,,,,,,,,,,,
SCHPRISMA-000117,10.1086/705583,Can Sexual Selection Cause Divergence in Mating System–Related Floral Traits?,2019,International Journal of Plant Sciences,OPENALEX,Q10,https://openalex.org/W2979753487,,UNSCREENED,,,,,,,,,,,,,,,,,,,,,,,,,,,,
SCHPRISMA-000118,10.1101/513481,Can Sexual Selection Cause Divergence in Mating System-Related Floral Traits?,2019,bioRxiv (Cold Spring Harbor Laboratory),OPENALEX,Q10,https://openalex.org/W2907774012,,UNSCREENED,,,,,,,,,,,,,,,,,,,,,,,,,,,,
SCHPRISMA-000119,10.23860/thesis-tucker-sara-2018,CARPENTER BEE NECTAR ROBBERY EFFECTS ON FRUIT QUALITY AND NESTING PROVISIONS IN RHODE ISLAND,2018,,OPENALEX,Q04,https://openalex.org/W2908914472,,UNSCREENED,,,,,,,,,,,,,,,,,,,,,,,,,,,,
SCHPRISMA-000120,10.26786/1920-7603(2021)620,Catching the thief: Nectar robbing behaviour by bumblebees on naturalised Fuchsia magellanica in Ireland,2021,Journal of Pollination Ecology,OPENALEX,Q13,https://openalex.org/W3207676228,,UNSCREENED,,,,,,,,,,,,,,,,,,,,,,,,,,,,
SCHPRISMA-000121,10.18174/472043,Caught between friends and foes : plant-mediated interactions between herbivores and flower visitors,2019,,OPENALEX,Q01;Q02;Q03;Q05;Q08;Q10;Q11;Q12,https://openalex.org/W2943477571,,UNSCREENED,,,,,,,,,,,,,,,,,,,,,,,,,,,,
SCHPRISMA-000122,10.1002/j.1537-2197.1992.tb12621.x,"CAUSES AND CONSEQUENCES OF WITHIN‐TREE PHENOLOGICAL PATTERNS IN THE FLORIDA STRANGLING FIG, FICUS AUREA (MORACEAE)",1992,American Journal of Botany,OPENALEX,Q12,https://openalex.org/W2096209619,,UNSCREENED,,,,,,,,,,,,,,,,,,,,,,,,,,,,
SCHPRISMA-000123,10.2307/2445195,"Causes and Consequences of Within-Tree Phenological Patterns in the Florida Strangling Fig, Ficus aurea (Moraceae)",1992,American Journal of Botany,OPENALEX,Q12,https://openalex.org/W4232931383,,UNSCREENED,,,,,,,,,,,,,,,,,,,,,,,,,,,,
SCHPRISMA-000124,,Characteristics of BVOC emissions from a Swedish boreal forest : Using chambers to capture biogenic volatile organic compounds (BVOCs) from trees and forest floor,2018,Lund University Publications (Lund University),OPENALEX,Q01,https://openalex.org/W2787622762,,UNSCREENED,,,,,,,,,,,,,,,,,,,,,,,,,,,,
SCHPRISMA-000125,10.1002/ajb2.1158,"Characterization of the mating system of a native perennial tetraploid herb, Silene stellata",2018,American Journal of Botany,OPENALEX,Q12,https://openalex.org/W2894799469,,UNSCREENED,,,,,,,,,,,,,,,,,,,,,,,,,,,,
SCHPRISMA-000126,10.3390/agronomy12112651,Characterization of the Volatile Profiles of Six Industrial Hemp (Cannabis sativa L.) Cultivars,2022,Agronomy,OPENALEX,Q01,https://openalex.org/W4307434402,,UNSCREENED,,,,,,,,,,,,,,,,,,,,,,,,,,,,
SCHPRISMA-000127,10.1101/2022.05.16.492032,Cheaters among pollinators: Floral traits drive spatiotemporal variation in nectar robbing and thieving in Afrotropical rainforests,2022,bioRxiv (Cold Spring Harbor Laboratory),OPENALEX,Q09;Q10;Q13,https://openalex.org/W4280500629,,UNSCREENED,,,,,,,,,,,,,,,,,,,,,,,,,,,,
SCHPRISMA-000128,10.1002/ecs2.4696,Cheaters among pollinators: Nectar robbing and thieving vary spatiotemporally with floral traits in Afrotropical forests,2023,Ecosphere,OPENALEX,Q10;Q13,https://openalex.org/W4388776165,,UNSCREENED,,,,,,,,,,,,,,,,,,,,,,,,,,,,
SCHPRISMA-000129,10.1111/jse.12955,Chemical communication between plants and insects,2023,Journal of Systematics and Evolution,OPENALEX,Q01;Q05;Q06,https://openalex.org/W4377101327,,UNSCREENED,,,,,,,,,,,,,,,,,,,,,,,,,,,,
SCHPRISMA-000130,10.1111/j.1469-8137.2010.03227.x,Chemical ecology of obligate pollination mutualisms: testing the ‘private channel’ hypothesis in the Breynia–Epicephala association,2010,New Phytologist,OPENALEX,Q03;Q11;Q12,https://openalex.org/W2059728531,,UNSCREENED,,,,,,,,,,,,,,,,,,,,,,,,,,,,
SCHPRISMA-000131,10.1039/d3np00024a,"Chemistry, biosynthesis and biology of floral volatiles: roles in pollination and other functions",2023,Natural Product Reports,OPENALEX,Q01;Q05,https://openalex.org/W4386407442,,UNSCREENED,,,,,,,,,,,,,,,,,,,,,,,,,,,,
SCHPRISMA-000132,10.3732/ajb.1200636,"Choices and consequences of oviposition by a pollinating seed predator, Hadena ectypa (Noctuidae), on its host plant, Silene stellata (Caryophyllaceae)",2013,American Journal of Botany,OPENALEX,Q12,https://openalex.org/W2103033691,,UNSCREENED,,,,,,,,,,,,,,,,,,,,,,,,,,,,
SCHPRISMA-000133,10.1093/pcp/pcab048,Circadian Clock inArabidopsis thalianaDetermines Flower Opening Time Early in the Morning and Dominantly Closes Early in the Afternoon,2021,Plant and Cell Physiology,OPENALEX,Q01;Q09,https://openalex.org/W3144516100,,UNSCREENED,,,,,,,,,,,,,,,,,,,,,,,,,,,,
SCHPRISMA-000134,10.1093/aob/mcw136,Circadian rhythm of aSilenespecies favours nocturnal pollination and constrains diurnal visitation,2016,Annals of Botany,OPENALEX,Q12,https://openalex.org/W2480834824,,UNSCREENED,,,,,,,,,,,,,,,,,,,,,,,,,,,,
SCHPRISMA-000135,10.1093/aob/mcx024,"Coevolution with pollinating resin midges led to resin-filled nurseries in the androecia, gynoecia and tepals of Kadsura (Schisandraceae)",2017,Annals of Botany,OPENALEX,Q01,https://openalex.org/W2605587182,,UNSCREENED,,,,,,,,,,,,,,,,,,,,,,,,,,,,
SCHPRISMA-000136,,Coevolutionary Diversification of Leafflower Moths (Lepidoptera: Gracillariidae: Epicephala) and Leafflower Trees (Phyllanthaceae: Phyllanthus sensu lato [Glochidion]) in Southeastern Polynesia,2012,eScholarship (California Digital Library),OPENALEX,Q01;Q03;Q05;Q12,https://openalex.org/W2200174237,,UNSCREENED,,,,,,,,,,,,,,,,,,,,,,,,,,,,
SCHPRISMA-000137,,Coexistence of sympatric taxa of Chamaecrista section Xerocalyx: addressing the interplay between morphology and biotic interactions,2012,"IRL - University of Missouri, St. Louis (University of Missouri–St. Louis)",OPENALEX,Q07;Q09;Q12,https://openalex.org/W7139748096,,UNSCREENED,,,,,,,,,,,,,,,,,,,,,,,,,,,,
SCHPRISMA-000138,10.1086/674358,Coflowering Community Context Influences Female Fitness and Alters the Adaptive Value of Flower Longevity inMimulus guttatus,2013,The American Naturalist,OPENALEX,Q09;Q10,https://openalex.org/W2115158957,,UNSCREENED,,,,,,,,,,,,,,,,,,,,,,,,,,,,
SCHPRISMA-000139,10.1093/jxb/erz479,Colourful cones: how did flower colour first evolve?,2019,Journal of Experimental Botany,OPENALEX,Q07,https://openalex.org/W2982823904,,UNSCREENED,,,,,,,,,,,,,,,,,,,,,,,,,,,,
SCHPRISMA-000140,10.53846/goediss-1774,Community structure and interaction webs of flower-visiting and cavity-nesting insects along an experimental plant diversity gradient,2008,,OPENALEX,Q08;Q09;Q10,https://openalex.org/W2307448743,,UNSCREENED,,,,,,,,,,,,,,,,,,,,,,,,,,,,
SCHPRISMA-000141,10.1093/isd/ixaa005,Community Structure and Undescribed Species Diversity in Non-Pollinating Fig Wasps Associated with the Strangler Fig Ficus petiolaris,2020,Insect Systematics and Diversity,OPENALEX,Q05,https://openalex.org/W3022591066,,UNSCREENED,,,,,,,,,,,,,,,,,,,,,,,,,,,,
SCHPRISMA-000142,10.4257/oeco.2018.2204.03,COMO AS ABELHAS PERCEBEM AS FLORES E POR QUE ISTO É IMPORTANTE?,2018,Oecologia Australis,OPENALEX,Q01;Q05;Q06;Q07;Q08;Q09;Q10;Q11,https://openalex.org/W2905488943,,UNSCREENED,,,,,,,,,,,,,,,,,,,,,,,,,,,,
SCHPRISMA-000143,10.1002/ece3.2377,Comparative analyses of flower scent inSileneaereveal a contrasting phylogenetic signal between night and day emissions,2016,Ecology and Evolution,OPENALEX,Q02;Q03;Q10;Q11;Q12,https://openalex.org/W2531324431,,UNSCREENED,,,,,,,,,,,,,,,,,,,,,,,,,,,,
SCHPRISMA-000144,10.5154/r.rchsh.2020.05.012,Comparative analysis of floral volatiles between the ‘Hass’ variety and Antillean race avocado,2021,Revista Chapingo Serie Horticultura,OPENALEX,Q05,https://openalex.org/W3119134745,,UNSCREENED,,,,,,,,,,,,,,,,,,,,,,,,,,,,
SCHPRISMA-000145,10.15414/afz.2017.20.04.78-83,Comparative assessment of insect pests population densities of three selected cucurbit crops,2017,Acta fytotechnica et zootechnica/Acta fytotechnica  et zootechnica,OPENALEX,Q01;Q09,https://openalex.org/W2784823385,,UNSCREENED,,,,,,,,,,,,,,,,,,,,,,,,,,,,
SCHPRISMA-000146,10.1111/j.1365-294x.2011.05296.x,Comparative population genetic structure in a plant-pollinator/seed predator system,2011,Molecular Ecology,OPENALEX,Q12,https://openalex.org/W2068263477,,UNSCREENED,,,,,,,,,,,,,,,,,,,,,,,,,,,,
SCHPRISMA-000147,,"Comparative Study on Flower Trait,Pollinator Visitation Rate and Seed Production of Two Pedicularis Species",2011,Chinese Journal of Appplied Environmental Biology,OPENALEX,Q09,https://openalex.org/W2359203354,,UNSCREENED,,,,,,,,,,,,,,,,,,,,,,,,,,,,
SCHPRISMA-000148,10.3390/insects14110872,Complex Effects of a Land-Use Gradient on Pollinators and Natural Enemies: Natural Habitats Mitigate the Effects of Aphid Infestation on Pollination Services,2023,Insects,OPENALEX,Q10,https://openalex.org/W4388630092,,UNSCREENED,,,,,,,,,,,,,,,,,,,,,,,,,,,,
SCHPRISMA-000149,10.1111/een.70004,"Complex interactions in ant–plant mutualisms: The role of multiple ant food resources in mediating plant defence, pollination and fitness in a tropical shrub",2025,Ecological Entomology,OPENALEX,Q05;Q08;Q11,https://openalex.org/W4412974525,,UNSCREENED,,,,,,,,,,,,,,,,,,,,,,,,,,,,
SCHPRISMA-000150,10.1111/1365-2656.70243,Complex multitrophic species interactions and fitness costs: Intricate consequences of jasmonate and salicylate induced plant defences,2026,Journal of Animal Ecology,OPENALEX,Q12,https://openalex.org/W7154489976,,UNSCREENED,,,,,,,,,,,,,,,,,,,,,,,,,,,,
SCHPRISMA-000151,10.1002/ecy.4043,Components of local adaptation and divergence in pollination efficacy in a coevolving species interaction,2023,Ecology,OPENALEX,Q10;Q11,https://openalex.org/W4361190592,,UNSCREENED,,,,,,,,,,,,,,,,,,,,,,,,,,,,
SCHPRISMA-000152,10.1101/370700,Conflict of evolutionary interests between plants and pollinators revealed through functional exploration of flower morphospace,2018,bioRxiv (Cold Spring Harbor Laboratory),OPENALEX,Q13,https://openalex.org/W2884433249,,UNSCREENED,,,,,,,,,,,,,,,,,,,,,,,,,,,,
SCHPRISMA-000153,10.3390/plants13243520,"Conflicting Dynamics of Galling and Pollination: Arastichus gallicola (Hymenoptera, Eulophidae), a Specialized Parasitic Galler in Pistillate Flowers of Thaumatophyllum bipinnatifidum (Araceae)",2024,Plants,OPENALEX,Q03;Q12,https://openalex.org/W4405459792,,UNSCREENED,,,,,,,,,,,,,,,,,,,,,,,,,,,,
SCHPRISMA-000154,10.1002/ajb2.1182,Consequences of multiple flower–insect interactions for subsequent plant–insect interactions and plant reproduction,2018,American Journal of Botany,OPENALEX,Q01;Q02;Q03;Q04;Q05;Q06;Q07;Q08;Q09;Q10;Q11;Q12;Q13,https://openalex.org/W2898664981,,UNSCREENED,,,,,,,,,,,,,,,,,,,,,,,,,,,,
SCHPRISMA-000155,10.1002/ecy.4306,Consequences of pollen defense compounds for pollinators and antagonists in a pollen‐rewarding plant,2024,Ecology,OPENALEX,Q05;Q06;Q10,https://openalex.org/W4394618967,,UNSCREENED,,,,,,,,,,,,,,,,,,,,,,,,,,,,
SCHPRISMA-000156,10.1002/ajb2.1082,Consequences of secondary nectar robbing for male components of plant reproduction,2018,American Journal of Botany,OPENALEX,Q08;Q13,https://openalex.org/W2804358489,,UNSCREENED,,,,,,,,,,,,,,,,,,,,,,,,,,,,
SCHPRISMA-000157,10.53846/goediss-11131,Conservation of wild bees in agricultural landscapes through intercropping and habitat management,2025,,OPENALEX,Q13,https://openalex.org/W4408361522,,UNSCREENED,,,,,,,,,,,,,,,,,,,,,,,,,,,,
SCHPRISMA-000158,10.4161/psb.4.9.9483,Constraints on plant signals and rewards to multiple mutualists?,2009,Plant Signaling & Behavior,OPENALEX,Q09,https://openalex.org/W2024409748,,UNSCREENED,,,,,,,,,,,,,,,,,,,,,,,,,,,,
SCHPRISMA-000159,10.3389/fpls.2013.00338,Context-dependency of arbuscular mycorrhizal fungi on plant-insect interactions in an agroecosystem,2013,Frontiers in Plant Science,OPENALEX,Q01;Q05;Q09;Q10;Q11,https://openalex.org/W2137290380,,UNSCREENED,,,,,,,,,,,,,,,,,,,,,,,,,,,,
SCHPRISMA-000160,10.1371/journal.pone.0183729,Context-dependent medicinal effects of anabasine and infection-dependent toxicity in bumble bees,2017,PLoS ONE,OPENALEX,Q01;Q02;Q04;Q13,https://openalex.org/W2745495483,,UNSCREENED,,,,,,,,,,,,,,,,,,,,,,,,,,,,
SCHPRISMA-000161,10.3390/insects7020023,Contrasting Foraging Patterns: Testing Resource-Concentration and Dilution Effects with Pollinators and Seed Predators,2016,Insects,OPENALEX,Q10;Q12,https://openalex.org/W2419435084,,UNSCREENED,,,,,,,,,,,,,,,,,,,,,,,,,,,,
SCHPRISMA-000162,10.1002/edn3.271,"Contrasting microbial communities on male and female flowers of a dioecious plant, Mallotus japonicus (Euphorbiaceae)",2021,Environmental DNA,OPENALEX,Q10,https://openalex.org/W4200586499,,UNSCREENED,,,,,,,,,,,,,,,,,,,,,,,,,,,,
SCHPRISMA-000163,10.1111/1365-2664.13121,Coordinated species importation policies are needed to reduce serious invasions globally: The case of alien bumblebees in South America,2018,Journal of Applied Ecology,OPENALEX,Q12;Q13,https://openalex.org/W2794347144,,UNSCREENED,,,,,,,,,,,,,,,,,,,,,,,,,,,,
SCHPRISMA-000164,10.1111/j.1469-8137.2005.01511.x,"Coping with third parties in a nursery pollination mutualism: Hadena bicruris avoids oviposition on pathogen‐infected, less rewarding Silene latifolia",2005,New Phytologist,OPENALEX,Q01;Q08;Q09;Q10,https://openalex.org/W2114641161,,UNSCREENED,,,,,,,,,,,,,,,,,,,,,,,,,,,,
SCHPRISMA-000165,10.3390/biology10090903,Corolla Abscission Triggered by Nectar Robbers Positively Affects Reproduction by Enhancing Self-Pollination in Symphytum officinale (Boraginaceae),2021,Biology,OPENALEX,Q10;Q13,https://openalex.org/W3200624213,,UNSCREENED,,,,,,,,,,,,,,,,,,,,,,,,,,,,
SCHPRISMA-000166,10.1093/aob/mcl267,"Corolla Herbivory, Pollination Success and Fruit Predation in Complex Flowers: An Experimental Study with Linaria lilacina (Scrophulariaceae)",2007,Annals of Botany,OPENALEX,Q08;Q10,https://openalex.org/W2122864351,,UNSCREENED,,,,,,,,,,,,,,,,,,,,,,,,,,,,
SCHPRISMA-000167,,Correlated selection on floral traits in a polymorphic plant,2008,,OPENALEX,Q12,https://openalex.org/W1528058350,,UNSCREENED,,,,,,,,,,,,,,,,,,,,,,,,,,,,
SCHPRISMA-000168,10.3732/ajb.93.1.64,Correlations among traits associated with herbivore resistance and pollination: implications for pollination and nectar robbing in a distylous plant,2006,American Journal of Botany,OPENALEX,Q08;Q09;Q10;Q12;Q13,https://openalex.org/W2106263507,,UNSCREENED,,,,,,,,,,,,,,,,,,,,,,,,,,,,
SCHPRISMA-000169,10.1101/2020.11.06.371989,Costly induction of defense reduces plant growth and alters reproductive traits in mixed-mating Datura stramonium,2020,bioRxiv (Cold Spring Harbor Laboratory),OPENALEX,Q08;Q09,https://openalex.org/W3098050914,,UNSCREENED,,,,,,,,,,,,,,,,,,,,,,,,,,,,
SCHPRISMA-000170,10.1002/ecy.2395,Costs and benefits of alternative food handling tactics help explain facultative exploitation of pollination mutualisms,2018,Ecology,OPENALEX,Q13,https://openalex.org/W2803152041,,UNSCREENED,,,,,,,,,,,,,,,,,,,,,,,,,,,,
SCHPRISMA-000171,,Coupled reproductive ecologies in a plant-pollinator-seed predator system,2011,IRIS,OPENALEX,Q12,https://openalex.org/W2795051130,,UNSCREENED,,,,,,,,,,,,,,,,,,,,,,,,,,,,
SCHPRISMA-000172,10.1038/s41467-018-03792-x,Crab spiders impact floral-signal evolution indirectly through removal of florivores,2018,Nature Communications,OPENALEX,Q01;Q02;Q05;Q08;Q09;Q10;Q11,https://openalex.org/W2794563012,,UNSCREENED,,,,,,,,,,,,,,,,,,,,,,,,,,,,
SCHPRISMA-000173,10.3389/fpls.2018.01357,Crop Domestication Alters Floral Reward Chemistry With Potential Consequences for Pollinator Health,2018,Frontiers in Plant Science,OPENALEX,Q01;Q04;Q05;Q13,https://openalex.org/W2892712215,,UNSCREENED,,,,,,,,,,,,,,,,,,,,,,,,,,,,
SCHPRISMA-000174,10.1017/s0031182020001018,Cross-infectivity of honey and bumble bee-associated parasites across three bee families,2020,Parasitology,OPENALEX,Q10,https://openalex.org/W3036299150,,UNSCREENED,,,,,,,,,,,,,,,,,,,,,,,,,,,,
SCHPRISMA-000175,10.3389/fpls.2021.640141,Cross-Species Metabolic Profiling of Floral Specialized Metabolism Facilitates Understanding of Evolutional Aspects of Metabolism Among Brassicaceae Species,2021,Frontiers in Plant Science,OPENALEX,Q01,https://openalex.org/W3140042874,,UNSCREENED,,,,,,,,,,,,,,,,,,,,,,,,,,,,
SCHPRISMA-000176,10.1111/een.13407,Cucumber beetles negatively impact pollinator visitation to cucurbit flowers,2024,Ecological Entomology,OPENALEX,Q05,https://openalex.org/W4404769839,,UNSCREENED,,,,,,,,,,,,,,,,,,,,,,,,,,,,
SCHPRISMA-000177,10.47749/t/unicamp.2017.986040,Dano foliar afeta a interação entre Trichogoniopsis adenantha (Asteraceae) e seus visitantes florais?,2017,,OPENALEX,Q01;Q04;Q05;Q08;Q09;Q10;Q11;Q13,https://openalex.org/W4231941193,,UNSCREENED,,,,,,,,,,,,,,,,,,,,,,,,,,,,
SCHPRISMA-000178,,"Darwin’s naturalization hypothesis : phylogeny, enemy release and multi-trophic interactions",2019,KOPS (University of Konstanz),OPENALEX,Q10,https://openalex.org/W3033785954,,UNSCREENED,,,,,,,,,,,,,,,,,,,,,,,,,,,,
SCHPRISMA-000179,10.1111/j.1469-8137.2009.02974.x,Darwinism renewed: contemporary studies of plant adaptation,2009,New Phytologist,OPENALEX,Q06;Q10,https://openalex.org/W1990743206,,UNSCREENED,,,,,,,,,,,,,,,,,,,,,,,,,,,,
SCHPRISMA-000180,10.5061/dryad.s7h44j1pf,Data from: Complex multitrophic species interactions and fitness costs: Intricate consequences of jasmonate and salicylate induced plant defenses,2026,DRYAD,OPENALEX,Q12,https://openalex.org/W7138217814,,UNSCREENED,,,,,,,,,,,,,,,,,,,,,,,,,,,,
SCHPRISMA-000181,10.5061/dryad.xpnvx0kvp,Data from: Plant responses to herbivory shift the contributions of different pollinator taxa to plant reproduction,2025,DRYAD,OPENALEX,Q10,https://openalex.org/W7127384655,,UNSCREENED,,,,,,,,,,,,,,,,,,,,,,,,,,,,
SCHPRISMA-000182,10.5061/dryad.73n5tb3c9,Data from: The Red Queen unveils the sexual and mating strategies of flowers,2026,DRYAD,OPENALEX,Q10,https://openalex.org/W7153164328,,UNSCREENED,,,,,,,,,,,,,,,,,,,,,,,,,,,,
SCHPRISMA-000183,10.5281/zenodo.19110145,Data from: The Red Queen unveils the sexual and mating strategies of flowers,2026,Zenodo (CERN European Organization for Nuclear Research),OPENALEX,Q10,https://openalex.org/W7153251867,,UNSCREENED,,,,,,,,,,,,,,,,,,,,,,,,,,,,
SCHPRISMA-000184,10.5281/zenodo.19110146,Data from: The Red Queen unveils the sexual and mating strategies of flowers,2026,Zenodo (CERN European Organization for Nuclear Research),OPENALEX,Q10,https://openalex.org/W7153127313,,UNSCREENED,,,,,,,,,,,,,,,,,,,,,,,,,,,,
SCHPRISMA-000185,10.5281/zenodo.19110147,Data from: The Red Queen unveils the sexual and mating strategies of flowers,2026,Zenodo (CERN European Organization for Nuclear Research),OPENALEX,Q10,https://openalex.org/W7152957331,,UNSCREENED,,,,,,,,,,,,,,,,,,,,,,,,,,,,
SCHPRISMA-000186,10.5281/zenodo.19110148,Data from: The Red Queen unveils the sexual and mating strategies of flowers,2026,Zenodo (CERN European Organization for Nuclear Research),OPENALEX,Q10,https://openalex.org/W7153071267,,UNSCREENED,,,,,,,,,,,,,,,,,,,,,,,,,,,,
SCHPRISMA-000187,10.1016/j.dib.2024.110507,Dataset of volatile organic compound emission patterns from flowers and damaged leaves recorded with gas-chromatography coupled ion mobility spectrometry,2024,Data in Brief,OPENALEX,Q05,https://openalex.org/W4396831202,,UNSCREENED,,,,,,,,,,,,,,,,,,,,,,,,,,,,
SCHPRISMA-000188,10.1111/1365-2435.13035,"Dealing with mutualists and antagonists: Specificity of plant‐mediated interactions between herbivores and flower visitors, and consequences for plant fitness",2017,Functional Ecology,OPENALEX,Q01;Q02;Q03;Q05;Q10;Q11;Q12,https://openalex.org/W2780310350,,UNSCREENED,,,,,,,,,,,,,,,,,,,,,,,,,,,,
SCHPRISMA-000189,,"Deceptive pollination, reproductive success and niche evolution in the broughtonia alliance (orchidaceae)",2015,,OPENALEX,Q08,https://openalex.org/W3212977353,,UNSCREENED,,,,,,,,,,,,,,,,,,,,,,,,,,,,
SCHPRISMA-000190,,"Deceptive pollination, reproductive success and niche evolution in the broughtonia alliance (orchidaceae): a phylogenetic approach",2015,Dialnet (Universidad de la Rioja),OPENALEX,Q08,https://openalex.org/W2952355166,,UNSCREENED,,,,,,,,,,,,,,,,,,,,,,,,,,,,
SCHPRISMA-000191,10.7554/elife.07641.008,Decision letter: How scent and nectar influence floral antagonists and mutualists,2015,,OPENALEX,Q01;Q02;Q04;Q05;Q10;Q11;Q13,https://openalex.org/W4239667223,,UNSCREENED,,,,,,,,,,,,,,,,,,,,,,,,,,,,
SCHPRISMA-000192,10.7554/elife.65610.sa1,Decision letter: Inbreeding in a dioecious plant has sex- and population origin-specific effects on its interactions with pollinators,2021,,OPENALEX,Q01;Q05;Q09,https://openalex.org/W4250626928,,UNSCREENED,,,,,,,,,,,,,,,,,,,,,,,,,,,,
SCHPRISMA-000193,10.18174/471491,Defending flowers against multiple attack: from phytohormones to plant ecology,2019,,OPENALEX,Q05;Q10,https://openalex.org/W2952348851,,UNSCREENED,,,,,,,,,,,,,,,,,,,,,,,,,,,,
SCHPRISMA-000194,,"Defensive Blütendüfte : Einfluss auf Arten und Gemeinschaften, Mechanismen und ökologische Konsequenzen",2010,Online Publication Service of Würzburg University (Würzburg University),OPENALEX,Q02,https://openalex.org/W7113030406,,UNSCREENED,,,,,,,,,,,,,,,,,,,,,,,,,,,,
SCHPRISMA-000195,10.1038/s41598-022-23261-2,Defensive functions and potential ecological conflicts of floral stickiness,2022,Scientific Reports,OPENALEX,Q01;Q02;Q04;Q10;Q13,https://openalex.org/W4309563832,,UNSCREENED,,,,,,,,,,,,,,,,,,,,,,,,,,,,
SCHPRISMA-000196,10.1002/ece3.71491,Density‐Dependent Effects on the Reproductive Ecology of Trees in a Temperate Woodland,2025,Ecology and Evolution,OPENALEX,Q08,https://openalex.org/W4410967616,,UNSCREENED,,,,,,,,,,,,,,,,,,,,,,,,,,,,
SCHPRISMA-000197,10.4161/psb.5.8.12289,Dependency on floral resources determines the animals’ responses to floral scents,2010,Plant Signaling & Behavior,OPENALEX,Q01;Q05;Q08;Q10,https://openalex.org/W1994110967,,UNSCREENED,,,,,,,,,,,,,,,,,,,,,,,,,,,,
SCHPRISMA-000198,10.1201/9781420004007-1,Detection and Identification of Floral Scent Compounds,2006,,OPENALEX,Q01;Q05,https://openalex.org/W2464923893,,UNSCREENED,,,,,,,,,,,,,,,,,,,,,,,,,,,,
SCHPRISMA-000199,10.1111/1365-2656.12161,Determination of temperate bird–flower interactions as entangled mutualistic and antagonistic sub‐networks: characterization at the network and species levels,2013,Journal of Animal Ecology,OPENALEX,Q09;Q10;Q13,https://openalex.org/W1986969455,,UNSCREENED,,,,,,,,,,,,,,,,,,,,,,,,,,,,
SCHPRISMA-000200,10.1590/0102-33062021abb0299,Determining factors of flower coloration,2022,Acta Botanica Brasilica,OPENALEX,Q01;Q02;Q04;Q06;Q07;Q08;Q10;Q11;Q13,https://openalex.org/W4313024787,,UNSCREENED,,,,,,,,,,,,,,,,,,,,,,,,,,,,
SCHPRISMA-000201,10.1016/j.scitotenv.2024.177802,Diesel exhaust and ozone adversely affect pollinators and parasitoids within flying insect communities,2024,The Science of The Total Environment,OPENALEX,Q01,https://openalex.org/W4405327845,,UNSCREENED,,,,,,,,,,,,,,,,,,,,,,,,,,,,
SCHPRISMA-000202,10.1111/j.1442-9993.2011.02320.x,Differential effects of anthropogenic edges and gaps on the reproduction of a forest‐dwelling plant: The role of plant reproductive effort and nectar robbing by bumblebees,2011,Austral Ecology,OPENALEX,Q12;Q13,https://openalex.org/W1499119639,,UNSCREENED,,,,,,,,,,,,,,,,,,,,,,,,,,,,
SCHPRISMA-000203,10.3390/plants10071356,Differential Evolutionary History in Visual and Olfactory Floral Cues of the Bee-Pollinated Genus Campanula (Campanulaceae),2021,Plants,OPENALEX,Q01;Q06,https://openalex.org/W3176569435,,UNSCREENED,,,,,,,,,,,,,,,,,,,,,,,,,,,,
SCHPRISMA-000204,10.1101/2021.01.12.426409,Differential gene expression associated with a floral scent polymorphism in the evening primrose Oenothera harringtonii (Onagraceae),2021,bioRxiv (Cold Spring Harbor Laboratory),OPENALEX,Q01;Q05,https://openalex.org/W3120350445,,UNSCREENED,,,,,,,,,,,,,,,,,,,,,,,,,,,,
SCHPRISMA-000205,10.1186/s12864-022-08370-6,Differential gene expression associated with a floral scent polymorphism in the evening primrose Oenothera harringtonii (Onagraceae),2022,BMC Genomics,OPENALEX,Q01;Q05,https://openalex.org/W4226086771,,UNSCREENED,,,,,,,,,,,,,,,,,,,,,,,,,,,,
SCHPRISMA-000206,10.1086/696234,Differential Outcomes of Nectar Robbing on the Reproductive Success of a Melittophilous and an Ornithophilous Species,2018,International Journal of Plant Sciences,OPENALEX,Q13,https://openalex.org/W2787609990,,UNSCREENED,,,,,,,,,,,,,,,,,,,,,,,,,,,,
SCHPRISMA-000207,10.1890/0012-9658(2001)082[2032:daieoa]2.0.co;2,DIRECT AND INDIRECT EFFECTS OF ALKALOIDS ON PLANT FITNESS VIA HERBIVORY AND POLLINATION,2001,Ecology,OPENALEX,Q08,https://openalex.org/W2026311722,,UNSCREENED,,,,,,,,,,,,,,,,,,,,,,,,,,,,
SCHPRISMA-000208,10.1111/j.0030-1299.2004.12641.x,Direct and indirect effects of pollinators and seed predators to selection on plant and floral traits,2004,Oikos,OPENALEX,Q10;Q12,https://openalex.org/W2141382812,,UNSCREENED,,,,,,,,,,,,,,,,,,,,,,,,,,,,
SCHPRISMA-000209,10.1007/s00442-012-2453-2,Direct and indirect selection on floral pigmentation by pollinators and seed predators in a color polymorphic South African shrub,2012,Oecologia,OPENALEX,Q12,https://openalex.org/W2013425438,,UNSCREENED,,,,,,,,,,,,,,,,,,,,,,,,,,,,
SCHPRISMA-000210,10.1038/s41598-017-15811-w,Disentangling the co-structure of multilayer interaction networks: degree distribution and module composition in two-layer bipartite networks,2017,Scientific Reports,OPENALEX,Q12;Q13,https://openalex.org/W2768024192,,UNSCREENED,,,,,,,,,,,,,,,,,,,,,,,,,,,,
SCHPRISMA-000211,10.1101/2022.06.25.497599,Disruptive selection via pollinators and seed predators on the height of flowers in a wind-dispersed alpine herb,2022,bioRxiv (Cold Spring Harbor Laboratory),OPENALEX,Q01;Q02;Q03;Q06;Q08;Q10;Q11;Q12,https://openalex.org/W4283716949,,UNSCREENED,,,,,,,,,,,,,,,,,,,,,,,,,,,,
SCHPRISMA-000212,10.5281/zenodo.6726264,Disruptive selection via pollinators and seed predators on the height of flowers in a wind-dispersed alpine herb_Chen and Pannell_AJB2022,2022,Zenodo (CERN European Organization for Nuclear Research),OPENALEX,Q12,https://openalex.org/W4283514792,,UNSCREENED,,,,,,,,,,,,,,,,,,,,,,,,,,,,
SCHPRISMA-000213,10.1002/ajb2.16073,Disruptive selection via pollinators and seed predators on the height of flowers on a wind‐dispersed alpine herb,2022,American Journal of Botany,OPENALEX,Q12,https://openalex.org/W4301183239,,UNSCREENED,,,,,,,,,,,,,,,,,,,,,,,,,,,,
SCHPRISMA-000214,10.2307/1939214,"Disturbance, Pollinator Predictability, and Pollination Success Among Costa Rican Cloud Forest Plants",1987,Ecology,OPENALEX,Q13,https://openalex.org/W2043719902,,UNSCREENED,,,,,,,,,,,,,,,,,,,,,,,,,,,,
SCHPRISMA-000215,10.1002/ecy.4111,Divergent responses of generalist and specialist pollinators to experimental drought: Outcomes for plant reproduction,2023,Ecology,OPENALEX,Q05;Q08;Q09;Q10,https://openalex.org/W4378529603,,UNSCREENED,,,,,,,,,,,,,,,,,,,,,,,,,,,,
SCHPRISMA-000216,10.3732/ajb.1600056,Diversification and coevolution in brood pollination mutualisms: Windows into the role of biotic interactions in generating biological diversity,2016,American Journal of Botany,OPENALEX,Q05,https://openalex.org/W2528570428,,UNSCREENED,,,,,,,,,,,,,,,,,,,,,,,,,,,,
SCHPRISMA-000217,10.1007/s00442-009-1424-8,Diversity of floral visitors to sympatric Lithophragma species differing in floral morphology,2009,Oecologia,OPENALEX,Q10,https://openalex.org/W2096286011,,UNSCREENED,,,,,,,,,,,,,,,,,,,,,,,,,,,,
SCHPRISMA-000218,10.1016/j.sajb.2009.07.018,Do floral traits of Strelitzia reginae limit nectar theft by sunbirds?,2009,South African Journal of Botany,OPENALEX,Q13,https://openalex.org/W2012624455,,UNSCREENED,,,,,,,,,,,,,,,,,,,,,,,,,,,,
SCHPRISMA-000219,10.1371/journal.pone.0098755,"Do Flower Color and Floral Scent of Silene Species affect Host Preference of Hadena bicruris, a Seed-Eating Pollinator, under Field Conditions?",2014,PLoS ONE,OPENALEX,Q01;Q03;Q05;Q08;Q09;Q10;Q12,https://openalex.org/W1977583687,,UNSCREENED,,,,,,,,,,,,,,,,,,,,,,,,,,,,
SCHPRISMA-000220,10.1093/aobpla/plab029,Do flowers removed of either nectar or pollen attract fewer bumblebee pollinators? An experimental test in Impatiens oxyanthera,2021,AoB Plants,OPENALEX,Q04,https://openalex.org/W3166897683,,UNSCREENED,,,,,,,,,,,,,,,,,,,,,,,,,,,,
SCHPRISMA-000221,10.4067/s0717-66432011000200007,Do pollinators respond in a dose-dependent manner to flower herbivory?: An experimental assessment in Loasa tricolor (Loasaceae),2011,Gayana. Botánica,OPENALEX,Q01;Q05,https://openalex.org/W2002593568,,UNSCREENED,,,,,,,,,,,,,,,,,,,,,,,,,,,,
SCHPRISMA-000222,10.1007/s00442-025-05706-3,Do savanna trees mast? Phenological dynamics of flowering and fruiting in savanna tree species,2025,Oecologia,OPENALEX,Q08;Q12,https://openalex.org/W4410422693,,UNSCREENED,,,,,,,,,,,,,,,,,,,,,,,,,,,,
SCHPRISMA-000223,10.1007/s11258-025-01559-1,Do the traits of flowers and nectaries in Sapium glandulosum (Euphorbiaceae) shape insect interactions?,2025,Plant Ecology,OPENALEX,Q01;Q08,https://openalex.org/W4413411718,,UNSCREENED,,,,,,,,,,,,,,,,,,,,,,,,,,,,
SCHPRISMA-000224,10.1093/aobpla/ply057,Do we truly understand pollination syndromes in Petunia as much as we suppose?,2018,AoB Plants,OPENALEX,Q01;Q02;Q04;Q05;Q07;Q10;Q11;Q13,https://openalex.org/W2895305682,,UNSCREENED,,,,,,,,,,,,,,,,,,,,,,,,,,,,
SCHPRISMA-000225,10.1007/s11829-019-09723-x,Does florivory affect the attraction of floral visitors to buzz-pollinated Solanum rostratum?,2019,Arthropod-Plant Interactions,OPENALEX,Q02,https://openalex.org/W2980713602,,UNSCREENED,,,,,,,,,,,,,,,,,,,,,,,,,,,,
SCHPRISMA-000226,10.1093/aob/mcaf053,Does flower size follow the ‘island rule’? A commentary on ‘Flower size evolution in the Southwest Pacific’,2025,Annals of Botany,OPENALEX,Q08;Q09,https://openalex.org/W4409994831,,UNSCREENED,,,,,,,,,,,,,,,,,,,,,,,,,,,,
SCHPRISMA-000227,,Does phylogeographic history cause among-population variation in floral scent in Arabis alpina?,2019,,OPENALEX,Q01,https://openalex.org/W2989931181,,UNSCREENED,,,,,,,,,,,,,,,,,,,,,,,,,,,,
SCHPRISMA-000228,10.1371/journal.pone.0025371,Dopamine and Octopamine Influence Avoidance Learning of Honey Bees in a Place Preference Assay,2011,PLoS ONE,OPENALEX,Q10,https://openalex.org/W2023993919,,UNSCREENED,,,,,,,,,,,,,,,,,,,,,,,,,,,,
SCHPRISMA-000229,10.7717/peerj.8822,Draft genome of Rosenbergiella nectarea strain 8N4T provides insights into the potential role of this species in its plant host,2020,PeerJ,OPENALEX,Q13,https://openalex.org/W3014458905,,UNSCREENED,,,,,,,,,,,,,,,,,,,,,,,,,,,,
SCHPRISMA-000230,10.3732/ajb.1300159,Dramatic vestigialization of floral fragrance across a transition from outcrossing to selfing in Abronia umbellata (Nyctaginaceae),2013,American Journal of Botany,OPENALEX,Q05;Q09,https://openalex.org/W2333980045,,UNSCREENED,,,,,,,,,,,,,,,,,,,,,,,,,,,,
SCHPRISMA-000231,10.2307/2657108,"Drought stress, plant water status, and floral trait expression in fireweed, Epilobium angustifolium (Onagraceae)",2001,American Journal of Botany,OPENALEX,Q10,https://openalex.org/W2130740902,,UNSCREENED,,,,,,,,,,,,,,,,,,,,,,,,,,,,
SCHPRISMA-000232,10.1111/nph.14998,Ecological causes and consequences of flower color polymorphism in a self‐pollinating plant ( Boechera stricta ),2018,New Phytologist,OPENALEX,Q06;Q07;Q12,https://openalex.org/W2790063807,,UNSCREENED,,,,,,,,,,,,,,,,,,,,,,,,,,,,
SCHPRISMA-000233,10.1002/ece3.10418,Ecological convergence in phytochemistry and flower–insect visitor interactions along an Andean elevation gradient,2023,Ecology and Evolution,OPENALEX,Q01;Q02;Q03;Q05;Q10;Q12,https://openalex.org/W4386013086,,UNSCREENED,,,,,,,,,,,,,,,,,,,,,,,,,,,,
SCHPRISMA-000234,10.1111/j.1558-5646.1999.tb04525.x,ECOLOGICAL COSTS OF PLANT RESISTANCE TO HERBIVORES IN THE CURRENCY OF POLLINATION,1999,Evolution,OPENALEX,Q08;Q09,https://openalex.org/W2037963925,,UNSCREENED,,,,,,,,,,,,,,,,,,,,,,,,,,,,
SCHPRISMA-000235,10.55362/ijecol/2026/0106,Ecological Roles of Indian Palm Squirrels ( spp.) as Floral Funambulus Visitors Across Five Indian States: First Comprehensive Account,2026,Indian Journal of Ecology,OPENALEX,Q10;Q13,https://openalex.org/W7165002080,,UNSCREENED,,,,,,,,,,,,,,,,,,,,,,,,,,,,
SCHPRISMA-000236,10.1111/nph.13243,Ecology and evolution of floral volatile‐mediated information transfer in plants,2015,New Phytologist,OPENALEX,Q01;Q02;Q05;Q06;Q09;Q11,https://openalex.org/W2159060007,,UNSCREENED,,,,,,,,,,,,,,,,,,,,,,,,,,,,
SCHPRISMA-000237,10.1080/10635150802208798,"Ecology and Evolution of Flowers.—Lawrence D. Harder and Spencer C.H. Barrett (editors). 2007. Oxford University Press, New York. 392 pp. ISBN: 978-0-19-857085-1 (hardback, 2006) $150 $75. ISBN: 978-0-19-857086-8 (paperback) $75 $39.95",2008,Systematic Biology,OPENALEX,Q10,https://openalex.org/W2338958236,,UNSCREENED,,,,,,,,,,,,,,,,,,,,,,,,,,,,
SCHPRISMA-000238,,"Ecology of pollinators, pests and natural enemies in agricultural landscapes",2019,Epsilon Open Archive (Sveriges lantbruksuniversitet biblioteket (Swedish University of Agricultural Sciences)),OPENALEX,Q13,https://openalex.org/W2941737794,,UNSCREENED,,,,,,,,,,,,,,,,,,,,,,,,,,,,
SCHPRISMA-000239,10.1111/een.13322,Ecosystem functions and functional traits for the study of phytophagous scarab beetles (Coleoptera: Scarabaeidae),2024,Ecological Entomology,OPENALEX,Q01,https://openalex.org/W4393268276,,UNSCREENED,,,,,,,,,,,,,,,,,,,,,,,,,,,,
SCHPRISMA-000240,10.1111/j.1600-0706.2012.00172.x,Editorial,2012,Oikos,OPENALEX,Q08,https://openalex.org/W4230880190,,UNSCREENED,,,,,,,,,,,,,,,,,,,,,,,,,,,,
SCHPRISMA-000241,10.3389/fpls.2021.736998,Editorial: The Role of Flower Color in Angiosperm Evolution,2021,Frontiers in Plant Science,OPENALEX,Q06;Q07;Q08,https://openalex.org/W3199934615,,UNSCREENED,,,,,,,,,,,,,,,,,,,,,,,,,,,,
SCHPRISMA-000242,10.14393/ufu.te.2017.43,Efeitos da assimetria floral e das interações formigas-plantas nas interações plantas-visitantes florais,2017,,OPENALEX,Q01;Q06;Q07,https://openalex.org/W2948069586,,UNSCREENED,,,,,,,,,,,,,,,,,,,,,,,,,,,,
SCHPRISMA-000243,,Effect of heather flavonoids on the buff-tailed bumblebee,2022,ORBi UMONS,OPENALEX,Q10,https://openalex.org/W7133392996,,UNSCREENED,,,,,,,,,,,,,,,,,,,,,,,,,,,,
SCHPRISMA-000244,10.1016/j.flora.2016.08.005,Effect of mutualistic and antagonistic bees on floral resources and pollination of a savanna shrub,2016,Flora,OPENALEX,Q13,https://openalex.org/W2510487915,,UNSCREENED,,,,,,,,,,,,,,,,,,,,,,,,,,,,
SCHPRISMA-000245,10.3389/fpls.2019.00327,Effect of Pollen Limitation and Pollinator Visitation on Pollination Success of Haloxylon ammodendron (C. A. Mey.) Bunge in Fragmented Habitats,2019,Frontiers in Plant Science,OPENALEX,Q08,https://openalex.org/W2925278902,,UNSCREENED,,,,,,,,,,,,,,,,,,,,,,,,,,,,
SCHPRISMA-000246,10.55446/ije.2023.945,Effects of Ants on the Fruit Setting of Artabotrys Odoratissimus R. Br.,2023,Indian Journal of Entomology,OPENALEX,Q01;Q05,https://openalex.org/W4380875693,,UNSCREENED,,,,,,,,,,,,,,,,,,,,,,,,,,,,
SCHPRISMA-000247,10.1111/1365-2745.14018,Effects of biotic interactions on plant fecundity depend on spatial and functional structure of communities and time since disturbance,2022,Journal of Ecology,OPENALEX,Q12,https://openalex.org/W4306407789,,UNSCREENED,,,,,,,,,,,,,,,,,,,,,,,,,,,,
SCHPRISMA-000248,10.1890/06-2128.1,"EFFECTS OF CLIMATE CHANGE ON PHENOLOGY, FROST DAMAGE, AND FLORAL ABUNDANCE OF MONTANE WILDFLOWERS",2008,Ecology,OPENALEX,Q12,https://openalex.org/W2164284641,,UNSCREENED,,,,,,,,,,,,,,,,,,,,,,,,,,,,
SCHPRISMA-000249,10.1146/annurev-ento-022024-015159,Effects of Elevated CO2 and O3 on Aboveground Brassicaceous Plant–Insect Interactions,2024,Annual Review of Entomology,OPENALEX,Q05,https://openalex.org/W4403054106,,UNSCREENED,,,,,,,,,,,,,,,,,,,,,,,,,,,,
SCHPRISMA-000250,10.1093/aob/mcad195,"Effects of experimental warming on floral scent, display and rewards in two subalpine herbs",2023,Annals of Botany,OPENALEX,Q01;Q03;Q04;Q05;Q08;Q09;Q10;Q12;Q13,https://openalex.org/W4390140123,,UNSCREENED,,,,,,,,,,,,,,,,,,,,,,,,,,,,
SCHPRISMA-000251,10.3390/plants13040547,Effects of Florivory on Floral Visitors and Reproductive Success of Sagittaria lancifolia (Alismataceae) in a Mexican Wetland,2024,Plants,OPENALEX,Q08;Q09;Q12;Q13,https://openalex.org/W4391959484,,UNSCREENED,,,,,,,,,,,,,,,,,,,,,,,,,,,,
SCHPRISMA-000252,10.3732/ajb.1600144,Effects of florivory on plant‐pollinator interactions: Implications for male and female components of plant reproduction,2016,American Journal of Botany,OPENALEX,Q13,https://openalex.org/W2468754323,,UNSCREENED,,,,,,,,,,,,,,,,,,,,,,,,,,,,
SCHPRISMA-000253,10.1023/a:1023203325501,Effects of flower and seed predators and pollinators on fruit production in two sequentially flowering congeners,2003,Plant Ecology,OPENALEX,Q12,https://openalex.org/W40526369,,UNSCREENED,,,,,,,,,,,,,,,,,,,,,,,,,,,,
SCHPRISMA-000254,10.3732/ajb.92.10.1641,Effects of herbivory and inbreeding on the pollinators and mating system of Mimulus guttatus (Phrymaceae),2005,American Journal of Botany,OPENALEX,Q08;Q09;Q10,https://openalex.org/W2144981673,,UNSCREENED,,,,,,,,,,,,,,,,,,,,,,,,,,,,
SCHPRISMA-000255,,"Effects of insect herbivory on plant architecture, flowering phenology, flower visitors’ activity and reproduction success in Cirsium Altissimum L.",2013,Holmes Museum Of Anthropology (Wichita State University),OPENALEX,Q08;Q10;Q12,https://openalex.org/W2600015960,,UNSCREENED,,,,,,,,,,,,,,,,,,,,,,,,,,,,
SCHPRISMA-000256,,Effects of leaf beetle herbivory on pollination success and fruit development in woodland strawberry Fragaria vesca,2013,Epsilon Archive for Student Projects (University of Southampton),OPENALEX,Q01;Q02;Q03;Q12,https://openalex.org/W97634893,,UNSCREENED,,,,,,,,,,,,,,,,,,,,,,,,,,,,
SCHPRISMA-000257,,Effects of nectar robbing by Xylocopa californica on Chilopsis linearis (Bignoniaceae),1989,UA Campus Repository (The University of Arizona),OPENALEX,Q08;Q09,https://openalex.org/W623865169,,UNSCREENED,,,,,,,,,,,,,,,,,,,,,,,,,,,,
SCHPRISMA-000258,,Effects of nectar robbing on pollinator behavior and pollination success in facultative selfing Incarvillea sinensis var. sinensis,2015,,OPENALEX,Q13,https://openalex.org/W2742069203,,UNSCREENED,,,,,,,,,,,,,,,,,,,,,,,,,,,,
SCHPRISMA-000259,10.17520/biods.2015102,Effects of nectar robbing on pollinator behavior and pollination success in facultative selfing Incarvillea sinensis var. sinensis,2015,Biodiversity Science,OPENALEX,Q13,https://openalex.org/W2582737264,,UNSCREENED,,,,,,,,,,,,,,,,,,,,,,,,,,,,
SCHPRISMA-000260,10.17863/cam.48560,Effects of plant viral pathogens on plant-pollinator relationships,2020,Apollo (University of Cambridge),OPENALEX,Q01;Q02;Q04;Q05;Q07;Q08;Q09;Q10;Q13,https://openalex.org/W3021161820,,UNSCREENED,,,,,,,,,,,,,,,,,,,,,,,,,,,,
SCHPRISMA-000261,10.1093/aobpla/plu031,Effects of pollination limitation and seed predation on female reproductive success of a deceptive orchid,2014,AoB Plants,OPENALEX,Q08;Q09;Q10;Q12,https://openalex.org/W2100102900,,UNSCREENED,,,,,,,,,,,,,,,,,,,,,,,,,,,,
SCHPRISMA-000262,10.3389/fevo.2021.589781,Effects of the Relatedness of Neighbours on Floral Colour,2021,Frontiers in Ecology and Evolution,OPENALEX,Q01;Q03;Q07;Q08;Q09;Q12,https://openalex.org/W3156644068,,UNSCREENED,,,,,,,,,,,,,,,,,,,,,,,,,,,,
SCHPRISMA-000263,10.1111/plb.12338,Efficiency of pollination and satiation of predators determine reproductive output in Iberian Juniperus thurifera woodlands,2015,Plant Biology,OPENALEX,Q12,https://openalex.org/W1994855543,,UNSCREENED,,,,,,,,,,,,,,,,,,,,,,,,,,,,
SCHPRISMA-000264,10.4257/oeco.2018.2204.02,EL ROL DE LOS COMPUESTOS ORGÁNICOS VOLÁTILES FLORALES EN LAS INTERACCIONES PLANTA-INSECTO,2018,Oecologia Australis,OPENALEX,Q10,https://openalex.org/W2904425006,,UNSCREENED,,,,,,,,,,,,,,,,,,,,,,,,,,,,
SCHPRISMA-000265,10.1038/s41598-024-63967-z,"Elevated atmospheric CO2 has small, species-specific effects on pollen chemistry and plant growth across flowering plant species",2024,Scientific Reports,OPENALEX,Q09;Q10,https://openalex.org/W4399673700,,UNSCREENED,,,,,,,,,,,,,,,,,,,,,,,,,,,,
SCHPRISMA-000266,10.1371/journal.pone.0283480,Elevated ozone and carbon dioxide affects the composition of volatile organic compounds emitted by Vicia faba (L.) and visitation by European orchard bee (Osmia cornuta),2023,PLoS ONE,OPENALEX,Q01;Q08;Q09,https://openalex.org/W4367046388,,UNSCREENED,,,,,,,,,,,,,,,,,,,,,,,,,,,,
SCHPRISMA-000267,10.1111/aec.13570,"Elucidating dietary secrets of the Blue‐headed Macaw, Primolius couloni (Sclater, 1876), through citizen‐sourced photographs",2024,Austral Ecology,OPENALEX,Q12,https://openalex.org/W4400918530,,UNSCREENED,,,,,,,,,,,,,,,,,,,,,,,,,,,,
SCHPRISMA-000268,10.3390/plants13050651,Emerging Trends in Ant–Pollinator Conflict in Extrafloral Nectary-Bearing Plants,2024,Plants,OPENALEX,Q01;Q02;Q05,https://openalex.org/W4392193031,,UNSCREENED,,,,,,,,,,,,,,,,,,,,,,,,,,,,
SCHPRISMA-000269,10.1093/plphys/kiad244,Encoding wild fragrance: The role of allelic variants in floral odor emissions,2023,PLANT PHYSIOLOGY,OPENALEX,Q01;Q02;Q05,https://openalex.org/W4366722856,,UNSCREENED,,,,,,,,,,,,,,,,,,,,,,,,,,,,
SCHPRISMA-000270,10.26786/1920-7603(2026)891,Endemic Castilleja grisea support diverse floral-visitor assemblages with implications for promoting local plant communities,2026,Journal of Pollination Ecology,OPENALEX,Q08,https://openalex.org/W7128551828,,UNSCREENED,,,,,,,,,,,,,,,,,,,,,,,,,,,,
SCHPRISMA-000271,10.1111/j.1365-2745.2009.01534.x,Enhanced frugivory on invasive Silene latifolia in its native range due to increased oviposition,2009,Journal of Ecology,OPENALEX,Q12,https://openalex.org/W2086505600,,UNSCREENED,,,,,,,,,,,,,,,,,,,,,,,,,,,,
SCHPRISMA-000272,10.1046/j.0269-8463.2001.00599.x,Environmentally induced variation in floral traits affects the mating system in Datura wrightii,2002,Functional Ecology,OPENALEX,Q08,https://openalex.org/W2053912846,,UNSCREENED,,,,,,,,,,,,,,,,,,,,,,,,,,,,
SCHPRISMA-000273,10.1007/s10886-017-0898-9,Epiphytic Bacteria Alter Floral Scent Emissions,2017,Journal of Chemical Ecology,OPENALEX,Q01;Q05,https://openalex.org/W2770826310,,UNSCREENED,,,,,,,,,,,,,,,,,,,,,,,,,,,,
SCHPRISMA-000274,10.1038/s42003-020-01482-3,Evaluating insect-host interactions as a driver of species divergence in palm flower weevils,2020,Communications Biology,OPENALEX,Q12,https://openalex.org/W3112855945,,UNSCREENED,,,,,,,,,,,,,,,,,,,,,,,,,,,,
SCHPRISMA-000275,10.1101/842153,Evaluating species interactions as a driver of phytophagous insect divergence,2019,bioRxiv (Cold Spring Harbor Laboratory),OPENALEX,Q12,https://openalex.org/W2987549766,,UNSCREENED,,,,,,,,,,,,,,,,,,,,,,,,,,,,
SCHPRISMA-000276,,Evaluating the effects of climate change and pathogens on pollinator health using plant functional traits and longitudinal monitoring,2017,Montana State University ScholarWorks (Montana State University),OPENALEX,Q01;Q05;Q08;Q09,https://openalex.org/W2934007926,,UNSCREENED,,,,,,,,,,,,,,,,,,,,,,,,,,,,
SCHPRISMA-000277,10.1371/journal.pone.0088948,"Evaluating the Interacting Influences of Pollination, Seed Predation, Invasive Species and Isolation on Reproductive Success in a Threatened Alpine Plant",2014,PLoS ONE,OPENALEX,Q08,https://openalex.org/W2046491039,,UNSCREENED,,,,,,,,,,,,,,,,,,,,,,,,,,,,
SCHPRISMA-000278,10.17129/botsci.1031,Evaluation of the symmetric effect of antagonists in the floral morphs of the distylic shrub Bouvardia ternifolia : a field study,2018,Botanical Sciences,OPENALEX,Q08;Q10;Q12;Q13,https://openalex.org/W2789914769,,UNSCREENED,,,,,,,,,,,,,,,,,,,,,,,,,,,,
SCHPRISMA-000279,10.1017/pab.2025.10047,Evidence for increased animal pollination during the Paleocene–Eocene thermal maximum,2025,Paleobiology,OPENALEX,Q06,https://openalex.org/W4413131166,,UNSCREENED,,,,,,,,,,,,,,,,,,,,,,,,,,,,
SCHPRISMA-000280,10.1016/j.sajb.2008.01.066,Evidence for pollination by small mammals in the parasitic plant Cytinus visseri (Cytinaceae),2008,South African Journal of Botany,OPENALEX,Q05,https://openalex.org/W2087055758,,UNSCREENED,,,,,,,,,,,,,,,,,,,,,,,,,,,,
SCHPRISMA-000281,10.1093/molbev/msg030,Evidence for Positive Selection on the Floral Scent Gene Isoeugenol-O-methyltransferase,2003,Molecular Biology and Evolution,OPENALEX,Q01;Q05,https://openalex.org/W2011166637,,UNSCREENED,,,,,,,,,,,,,,,,,,,,,,,,,,,,
SCHPRISMA-000282,10.1016/j.cub.2022.09.013,Evidence for the recruitment of florivorous plant bugs as pollinators,2022,Current Biology,OPENALEX,Q02;Q10,https://openalex.org/W4300978987,,UNSCREENED,,,,,,,,,,,,,,,,,,,,,,,,,,,,
SCHPRISMA-000283,10.1080/17550874.2022.2137382,Evidence of short-term shifts in floral traits in response to nectar robbing,2022,Plant Ecology & Diversity,OPENALEX,Q13,https://openalex.org/W4306756432,,UNSCREENED,,,,,,,,,,,,,,,,,,,,,,,,,,,,
SCHPRISMA-000284,10.1093/aob/mcx026,Evidence that a herbivore tolerance response affects selection on floral traits and inflorescence architecture in purple loosestrife (Lythrum salicaria),2017,Annals of Botany,OPENALEX,Q08,https://openalex.org/W2601277631,,UNSCREENED,,,,,,,,,,,,,,,,,,,,,,,,,,,,
SCHPRISMA-000285,10.1093/molbev/msz292,Evolution of a Novel and Adaptive Floral Scent in Wild Tobacco,2019,Molecular Biology and Evolution,OPENALEX,Q02,https://openalex.org/W2993634846,,UNSCREENED,,,,,,,,,,,,,,,,,,,,,,,,,,,,
SCHPRISMA-000286,10.1101/738112,Evolution of a novel and adaptive floral scent in wild tobacco,2019,bioRxiv (Cold Spring Harbor Laboratory),OPENALEX,Q01;Q02;Q05;Q10,https://openalex.org/W2969706128,,UNSCREENED,,,,,,,,,,,,,,,,,,,,,,,,,,,,
SCHPRISMA-000287,,Evolution of floral and mating system variation in Camissoniopsis cheiranthifolia (Onagraceae): An evaluation of patterns and processes,2013,QSpace (Queen's University Library),OPENALEX,Q08;Q09;Q10,https://openalex.org/W2188125702,,UNSCREENED,,,,,,,,,,,,,,,,,,,,,,,,,,,,
SCHPRISMA-000288,10.1046/j.0028-646x.2001.00268.x,"Evolution of floral form: electrostatic forces, pollination, and adaptive compromise",2001,New Phytologist,OPENALEX,Q09,https://openalex.org/W1994849520,,UNSCREENED,,,,,,,,,,,,,,,,,,,,,,,,,,,,
SCHPRISMA-000289,10.3389/fevo.2020.00030,Evolution of Floral Fragrance Is Compromised by Herbivory,2020,Frontiers in Ecology and Evolution,OPENALEX,Q01;Q05;Q09;Q10;Q11,https://openalex.org/W3007624932,,UNSCREENED,,,,,,,,,,,,,,,,,,,,,,,,,,,,
SCHPRISMA-000290,10.1186/1471-2148-8-27,Evolution of sexual mimicry in the orchid subtribe orchidinae: the role of preadaptations in the attraction of male bees as pollinators,2008,BMC Evolutionary Biology,OPENALEX,Q01;Q07,https://openalex.org/W2011319476,,UNSCREENED,,,,,,,,,,,,,,,,,,,,,,,,,,,,
SCHPRISMA-000291,10.1104/pp.105.061655,Evolutionary and Ecological Genomics of Arabidopsis,2005,PLANT PHYSIOLOGY,OPENALEX,Q09,https://openalex.org/W2055011264,,UNSCREENED,,,,,,,,,,,,,,,,,,,,,,,,,,,,
SCHPRISMA-000292,10.35662/unine-thesis-2136,Evolutionary conflicts and ecological constraints at reproduction in the dioecious plant Silene latifolia,2009,,OPENALEX,Q12,https://openalex.org/W1525198502,,UNSCREENED,,,,,,,,,,,,,,,,,,,,,,,,,,,,
SCHPRISMA-000293,10.1093/aob/mcy132,Evolutionary ecology of nectar,2018,Annals of Botany,OPENALEX,Q08,https://openalex.org/W2884773276,,UNSCREENED,,,,,,,,,,,,,,,,,,,,,,,,,,,,
SCHPRISMA-000294,10.1146/annurev-ecolsys-112414-054215,Evolutionary Interactions Between Plant Reproduction and Defense Against Herbivores,2015,Annual Review of Ecology Evolution and Systematics,OPENALEX,Q01;Q02;Q03;Q05;Q06;Q08;Q09;Q10;Q12,https://openalex.org/W2100914194,,UNSCREENED,,,,,,,,,,,,,,,,,,,,,,,,,,,,
SCHPRISMA-000295,10.1007/s11829-025-10131-7,Experimental florivory and its effects on pollinators of Opuntia cantabrigiensis Lynch (Cactaceae),2025,Arthropod-Plant Interactions,OPENALEX,Q09;Q10,https://openalex.org/W4407420278,,UNSCREENED,,,,,,,,,,,,,,,,,,,,,,,,,,,,
SCHPRISMA-000296,10.3390/plants15020225,Experimental Florivory Influences Reproductive Success in the Field Bindweed (Convolvulus arvensis),2026,Plants,OPENALEX,Q10;Q13,https://openalex.org/W7122470679,,UNSCREENED,,,,,,,,,,,,,,,,,,,,,,,,,,,,
SCHPRISMA-000297,10.1111/nph.70496,Exploring the importance of aromatic plants' extrafloral volatiles for pollinator attraction,2025,New Phytologist,OPENALEX,Q01;Q05;Q06;Q07,https://openalex.org/W4413827208,,UNSCREENED,,,,,,,,,,,,,,,,,,,,,,,,,,,,
SCHPRISMA-000298,10.1653/024.100.0308,Exploring Whether and How Ants (Hymenoptera: Formicidae) Affect Reproductive Fitness inSenna mexicanavar.chapmanii(Fabaceae),2017,Florida Entomologist,OPENALEX,Q08;Q12,https://openalex.org/W2755203206,,UNSCREENED,,,,,,,,,,,,,,,,,,,,,,,,,,,,
SCHPRISMA-000299,10.1073/pnas.1809007116,Extreme diversification of floral volatiles within and among species of Lithophragma (Saxifragaceae),2019,Proceedings of the National Academy of Sciences,OPENALEX,Q01;Q05,https://openalex.org/W2911877627,,UNSCREENED,,,,,,,,,,,,,,,,,,,,,,,,,,,,
SCHPRISMA-000300,10.1371/journal.pone.0044657,Extreme Reproduction and Survival of a True Cliffhanger: The Endangered Plant Borderea chouardii (Dioscoreaceae),2012,PLoS ONE,OPENALEX,Q12,https://openalex.org/W2158933682,,UNSCREENED,,,,,,,,,,,,,,,,,,,,,,,,,,,,
SCHPRISMA-000301,10.1111/1365-2745.12657,Facilitated exploitation of pollination mutualisms: fitness consequences for plants,2016,Journal of Ecology,OPENALEX,Q12;Q13,https://openalex.org/W2507868743,,UNSCREENED,,,,,,,,,,,,,,,,,,,,,,,,,,,,
SCHPRISMA-000302,10.3390/insects14050454,Factors Affecting Pollination and Pollinators in Oil Palm Plantations: A Review with an Emphasis on the Elaeidobius kamerunicus Weevil (Coleoptera: Curculionidae),2023,Insects,OPENALEX,Q01,https://openalex.org/W4376278717,,UNSCREENED,,,,,,,,,,,,,,,,,,,,,,,,,,,,
SCHPRISMA-000303,10.30707/etd2015.hembrough.a,Factors Constraining the Reproductive Output of Baptisia alba macrophylla,2015,,OPENALEX,Q08;Q12,https://openalex.org/W2336725473,,UNSCREENED,,,,,,,,,,,,,,,,,,,,,,,,,,,,
SCHPRISMA-000304,10.3410/f.736775180.793572211,"Faculty Opinions recommendation of A Promiscuous CYP706A3 Reduces Terpene Volatile Emission from Arabidopsis Flowers, Affecting Florivores and the Floral Microbiome.",2020,Faculty Opinions – Post-Publication Peer Review of the Biomedical Literature,OPENALEX,Q01;Q02;Q05;Q11,https://openalex.org/W4236195341,,UNSCREENED,,,,,,,,,,,,,,,,,,,,,,,,,,,,
SCHPRISMA-000305,10.3410/f.717989053.793472819,Faculty Opinions recommendation of Caffeine in floral nectar enhances a pollinator's memory of reward.,2013,Faculty Opinions – Post-Publication Peer Review of the Biomedical Literature,OPENALEX,Q01;Q08,https://openalex.org/W4244801482,,UNSCREENED,,,,,,,,,,,,,,,,,,,,,,,,,,,,
SCHPRISMA-000306,10.3410/f.717957258.793461757,Faculty Opinions recommendation of The contribution of a pollinating seed predator to selection on Silene latifolia females.,2012,Faculty Opinions – Post-Publication Peer Review of the Biomedical Literature,OPENALEX,Q12,https://openalex.org/W4210318985,,UNSCREENED,,,,,,,,,,,,,,,,,,,,,,,,,,,,
SCHPRISMA-000307,10.1111/j.1469-8137.2006.01889.x,Ferns represent an untapped biodiversity for improving crops for environmental stress tolerance,2006,New Phytologist,OPENALEX,Q01;Q05,https://openalex.org/W2007290400,,UNSCREENED,,,,,,,,,,,,,,,,,,,,,,,,,,,,
SCHPRISMA-000308,10.3390/plants14182885,Fig Macula as a Key Multifunctional Structure Mediating the Fig–Fig Wasp Mutualism,2025,Plants,OPENALEX,Q01;Q05,https://openalex.org/W4414288033,,UNSCREENED,,,,,,,,,,,,,,,,,,,,,,,,,,,,
SCHPRISMA-000309,10.1002/ajb2.70167,Fitness consequences of trait‐mediated plant–pollinator interactions,2026,American Journal of Botany,OPENALEX,Q10;Q13,https://openalex.org/W7130845460,,UNSCREENED,,,,,,,,,,,,,,,,,,,,,,,,,,,,
SCHPRISMA-000310,10.1890/1051-0761(2001)011[0934:fohbwa]2.0.co;2,FITNESS OF HYBRIDS BETWEEN WEEDY AND CULTIVATED RADISH: IMPLICATIONS FOR WEED EVOLUTION,2001,Ecological Applications,OPENALEX,Q09,https://openalex.org/W2132553576,,UNSCREENED,,,,,,,,,,,,,,,,,,,,,,,,,,,,
SCHPRISMA-000311,10.1016/j.sajb.2017.04.010,"Floral and pollination biology, breeding system and nectar traits of Callistemon citrinus (Myrtaceae) cultivated in India",2017,South African Journal of Botany,OPENALEX,Q13,https://openalex.org/W2609700883,,UNSCREENED,,,,,,,,,,,,,,,,,,,,,,,,,,,,
SCHPRISMA-000312,10.1111/btp.12574,Floral antagonists counteract pollinator‐mediated selection on attractiveness traits in the hummingbird‐pollinatedCollaea cipoensis(Fabaceae),2018,Biotropica,OPENALEX,Q13,https://openalex.org/W2883797074,,UNSCREENED,,,,,,,,,,,,,,,,,,,,,,,,,,,,
SCHPRISMA-000313,10.18725/oparu-1149,"Floral biology, flowering phenology and floral visitors of five insect-pollinated tree species in a tropical lowland rainforest remnant of Pernambuco, Brazil",2008,OPen Access Repositorium der Universität Ulm (OPARU) (Ulm University),OPENALEX,Q02,https://openalex.org/W2344283507,,UNSCREENED,,,,,,,,,,,,,,,,,,,,,,,,,,,,
SCHPRISMA-000314,10.1071/bt22055,"Floral biology, pollination vectors and breeding system of Zieria granulata (Rutaceae), an endangered shrub endemic to eastern Australia",2023,Australian Journal of Botany,OPENALEX,Q12,https://openalex.org/W4381623784,,UNSCREENED,,,,,,,,,,,,,,,,,,,,,,,,,,,,
SCHPRISMA-000315,10.1086/706240,"Floral Evolution: Breeding Systems, Pollinators, and Beyond",2019,International Journal of Plant Sciences,OPENALEX,Q06;Q08;Q09;Q10,https://openalex.org/W2980376333,,UNSCREENED,,,,,,,,,,,,,,,,,,,,,,,,,,,,
SCHPRISMA-000316,10.1101/184382,Floral herbivory does not reduce pollination-mediated fitness in shelter rewarding Royal Irises,2017,bioRxiv (Cold Spring Harbor Laboratory),OPENALEX,Q06;Q08;Q09;Q10;Q11;Q12,https://openalex.org/W2753807379,,UNSCREENED,,,,,,,,,,,,,,,,,,,,,,,,,,,,
SCHPRISMA-000317,10.1002/ece3.72133,"Floral Integration and Phenotypic Selection on Floral Traits of Ipomoea cavalcantei (Convolvulaceae), a Rare, Endemic, and Endangered Species to the Amazon Ironstone Outcrops",2025,Ecology and Evolution,OPENALEX,Q10;Q12;Q13,https://openalex.org/W4414166869,,UNSCREENED,,,,,,,,,,,,,,,,,,,,,,,,,,,,
SCHPRISMA-000318,10.1016/j.ppees.2023.125764,Floral nectar: Fifty years of new ecological perspectives beyond pollinator reward,2023,Perspectives in Plant Ecology Evolution and Systematics,OPENALEX,Q01;Q04;Q08;Q10;Q13,https://openalex.org/W4389003255,,UNSCREENED,,,,,,,,,,,,,,,,,,,,,,,,,,,,
SCHPRISMA-000319,10.1371/journal.pone.0055914,Floral Nectar Guide Patterns Discourage Nectar Robbing by Bumble Bees,2013,PLoS ONE,OPENALEX,Q07;Q08;Q10;Q11;Q13,https://openalex.org/W1963768338,,UNSCREENED,,,,,,,,,,,,,,,,,,,,,,,,,,,,
SCHPRISMA-000320,10.3389/fevo.2020.00148,Floral Odors Can Interfere With the Foraging Behavior of Parasitoids Searching for Hosts,2020,Frontiers in Ecology and Evolution,OPENALEX,Q01;Q05,https://openalex.org/W3031330247,,UNSCREENED,,,,,,,,,,,,,,,,,,,,,,,,,,,,
SCHPRISMA-000321,10.1002/cbdv.202201139,Floral Phytochemistry: Impact of Volatile Organic Compounds and Nectar Secondary Metabolites on Pollinator Behavior and Health,2023,Chemistry & Biodiversity,OPENALEX,Q01;Q02;Q04;Q05;Q09;Q10;Q13,https://openalex.org/W4361191195,,UNSCREENED,,,,,,,,,,,,,,,,,,,,,,,,,,,,
SCHPRISMA-000322,10.1111/pce.13520,Floral plasticity: Herbivore‐species‐specific‐induced changes in flower traits with contrasting effects on pollinator visitation,2019,Plant Cell & Environment,OPENALEX,Q10,https://openalex.org/W2909741367,,UNSCREENED,,,,,,,,,,,,,,,,,,,,,,,,,,,,
SCHPRISMA-000323,10.1093/aob/mct189,Floral polymorphism and the fitness implications of attracting pollinating and florivorous insects,2013,Annals of Botany,OPENALEX,Q06;Q07;Q08;Q09;Q10;Q12,https://openalex.org/W2161903288,,UNSCREENED,,,,,,,,,,,,,,,,,,,,,,,,,,,,
SCHPRISMA-000324,,"Floral resource availability and its use by hummingbirds in an area of cerrado of Uberlândia, MG",2011,LA Referencia (Red Federada de Repositorios Institucionales de Publicaciones Científicas),OPENALEX,Q13,https://openalex.org/W7120874267,,UNSCREENED,,,,,,,,,,,,,,,,,,,,,,,,,,,,
SCHPRISMA-000325,,FLORAL SCENT IN A WHOLE-PLANT CONTEXT Floral volatiles controlling ant behaviour,2009,,OPENALEX,Q01;Q03;Q05,https://openalex.org/W2183295251,,UNSCREENED,,,,,,,,,,,,,,,,,,,,,,,,,,,,
SCHPRISMA-000326,10.1111/j.1365-2435.2009.01643.x,Floral scent in a whole‐plant context: moving beyond pollinator attraction,2009,Functional Ecology,OPENALEX,Q01;Q02;Q03;Q05;Q08;Q10;Q12,https://openalex.org/W2076023291,,UNSCREENED,,,,,,,,,,,,,,,,,,,,,,,,,,,,
SCHPRISMA-000327,10.1201/9780429455612-10,Floral Scent Metabolic Pathways and Their Regulation,2020,,OPENALEX,Q02,https://openalex.org/W3026597822,,UNSCREENED,,,,,,,,,,,,,,,,,,,,,,,,,,,,
SCHPRISMA-000328,10.1665/034.019.0111,"Floral Scent Terpenoids Deter the Facultative FlorivoreMetrioptera bicolor(Ensifera, Tettigoniidae, Decticinae)",2010,Journal of Orthoptera Research,OPENALEX,Q01;Q02,https://openalex.org/W1993760894,,UNSCREENED,,,,,,,,,,,,,,,,,,,,,,,,,,,,
SCHPRISMA-000329,10.1093/aob/mcq045,"Floral scents repel facultative flower visitors, but attract obligate ones",2010,Annals of Botany,OPENALEX,Q01;Q05;Q08;Q10,https://openalex.org/W2101617482,,UNSCREENED,,,,,,,,,,,,,,,,,,,,,,,,,,,,
SCHPRISMA-000330,10.1016/j.pld.2022.11.002,Floral trait variation across individual plants within a population enhances defense capability to nectar robbing,2022,Acta Botanica Yunnanica,OPENALEX,Q10;Q13,https://openalex.org/W4309196696,,UNSCREENED,,,,,,,,,,,,,,,,,,,,,,,,,,,,
SCHPRISMA-000331,10.3389/fevo.2018.00019,Floral Trait Variations Among Wild Tobacco Populations Influence the Foraging Behavior of Hawkmoth Pollinators,2018,Frontiers in Ecology and Evolution,OPENALEX,Q01;Q02;Q05;Q10;Q11,https://openalex.org/W2790382157,,UNSCREENED,,,,,,,,,,,,,,,,,,,,,,,,,,,,
SCHPRISMA-000332,,Floral Traits and Pollination System of Impatiens chinensis(Balsaminaceae),2009,Zhiwu yanjiu,OPENALEX,Q13,https://openalex.org/W2978294174,,UNSCREENED,,,,,,,,,,,,,,,,,,,,,,,,,,,,
SCHPRISMA-000333,10.31390/gradschool_dissertations.1813,"Floral traits, pollinator behavior, and plant reproduction: tests of natural and sexual selection in the hummingbird-pollinated herb Chrysothemis friedrichsthaliana",2007,,OPENALEX,Q06;Q08;Q09;Q12;Q13,https://openalex.org/W2760757457,,UNSCREENED,,,,,,,,,,,,,,,,,,,,,,,,,,,,
SCHPRISMA-000334,10.1007/s11284-008-0481-5,"Floral traits variation, legitimate pollination, and nectar robbing in Polygala vayredae (Polygalaceae)",2008,Ecological Research,OPENALEX,Q13,https://openalex.org/W2013177683,,UNSCREENED,,,,,,,,,,,,,,,,,,,,,,,,,,,,
SCHPRISMA-000335,10.1086/686584,"Floral Variation, Nectar Production, and Reproductive Success of Two Drymonia (Gesneriaceae) Species with Mixed Pollination Syndromes",2016,International Journal of Plant Sciences,OPENALEX,Q13,https://openalex.org/W2399485274,,UNSCREENED,,,,,,,,,,,,,,,,,,,,,,,,,,,,
SCHPRISMA-000336,10.1371/journal.pone.0300398,Floral visitors of sesame (Sesamum indicum L.): Elucidating their nectar-robbing behaviour and impacts on the plant reproduction,2024,PLoS ONE,OPENALEX,Q13,https://openalex.org/W4394910049,,UNSCREENED,,,,,,,,,,,,,,,,,,,,,,,,,,,,
SCHPRISMA-000337,10.1093/hr/uhae220,"Floral volatile benzenoids/phenylpropanoids: biosynthetic pathway, regulation and ecological value",2024,Horticulture Research,OPENALEX,Q01;Q05,https://openalex.org/W4401558614,,UNSCREENED,,,,,,,,,,,,,,,,,,,,,,,,,,,,
SCHPRISMA-000338,10.1111/j.1365-2435.2009.01632.x,Floral volatiles controlling ant behaviour,2009,Functional Ecology,OPENALEX,Q01;Q02;Q03;Q04;Q05;Q09;Q10;Q12;Q13,https://openalex.org/W2075365169,,UNSCREENED,,,,,,,,,,,,,,,,,,,,,,,,,,,,
SCHPRISMA-000339,10.1093/aob/mcad064,Floral volatiles evoke partially similar responses in both florivores and pollinators and are correlated with non-volatile reward chemicals,2023,Annals of Botany,OPENALEX,Q01;Q02;Q05;Q08;Q11,https://openalex.org/W4377694161,,UNSCREENED,,,,,,,,,,,,,,,,,,,,,,,,,,,,
SCHPRISMA-000340,10.1101/2023.02.13.528270,Floral volatiles evoke partially similar responses in both florivores and pollinators and are correlated with non-volatile reward chemicals,2023,bioRxiv (Cold Spring Harbor Laboratory),OPENALEX,Q01;Q02;Q05;Q08;Q10;Q11,https://openalex.org/W4320719640,,UNSCREENED,,,,,,,,,,,,,,,,,,,,,,,,,,,,
SCHPRISMA-000341,10.1111/pce.12314,Floral volatiles: from biosynthesis to function,2014,Plant Cell & Environment,OPENALEX,Q01;Q02;Q03;Q05;Q09;Q11;Q12,https://openalex.org/W2135298692,,UNSCREENED,,,,,,,,,,,,,,,,,,,,,,,,,,,,
SCHPRISMA-000342,10.1186/s12898-015-0047-7,Floral volatiles interfere with plant attraction of parasitoids: ontogeny-dependent infochemical dynamics in Brassica rapa,2015,BMC Ecology,OPENALEX,Q01;Q05,https://openalex.org/W1509872849,,UNSCREENED,,,,,,,,,,,,,,,,,,,,,,,,,,,,
SCHPRISMA-000343,10.3389/fpls.2022.813418,Florivory and Pollination Intersection: Changes in Floral Trait Expression Do Not Discourage Hummingbird Pollination,2022,Frontiers in Plant Science,OPENALEX,Q01;Q02;Q05;Q07;Q08,https://openalex.org/W4221066800,,UNSCREENED,,,,,,,,,,,,,,,,,,,,,,,,,,,,
SCHPRISMA-000344,10.1093/aobpla/plw036,Florivory and pollinator visitation: a cautionary tale,2015,AoB Plants,OPENALEX,Q05;Q09;Q10;Q12,https://openalex.org/W2365642820,,UNSCREENED,,,,,,,,,,,,,,,,,,,,,,,,,,,,
SCHPRISMA-000345,10.1002/ece3.3921,Florivory indirectly decreases the plant reproductive output through changes in pollinator attraction,2018,Ecology and Evolution,OPENALEX,Q09,https://openalex.org/W2789756960,,UNSCREENED,,,,,,,,,,,,,,,,,,,,,,,,,,,,
SCHPRISMA-000346,10.1002/ecs2.1326,Florivory shapes both leaf and floral interactions,2016,Ecosphere,OPENALEX,Q01;Q02;Q03;Q04;Q05;Q09;Q10;Q12;Q13,https://openalex.org/W2435941939,,UNSCREENED,,,,,,,,,,,,,,,,,,,,,,,,,,,,
SCHPRISMA-000347,10.3390/plants9030397,"Flower Colour Polymorphism, Pollination Modes, Breeding System and Gene Flow in Anemone coronaria",2020,Plants,OPENALEX,Q01;Q03;Q06;Q07;Q08;Q10;Q12,https://openalex.org/W3012794590,,UNSCREENED,,,,,,,,,,,,,,,,,,,,,,,,,,,,
SCHPRISMA-000348,10.3389/fpls.2020.611877,"Flower Production, Headspace Volatiles, Pollen Nutrients, and Florivory in Tanacetum vulgare Chemotypes",2021,Frontiers in Plant Science,OPENALEX,Q01;Q02;Q05;Q08;Q09;Q10;Q11,https://openalex.org/W3122082592,,UNSCREENED,,,,,,,,,,,,,,,,,,,,,,,,,,,,
SCHPRISMA-000349,10.1098/rstb.2021.0157,Flower sharing and pollinator health: a behavioural perspective,2022,Philosophical Transactions of the Royal Society B Biological Sciences,OPENALEX,Q10;Q11,https://openalex.org/W3201645558,,UNSCREENED,,,,,,,,,,,,,,,,,,,,,,,,,,,,
SCHPRISMA-000350,10.1111/jse.70046,Flower traits evolution in a bird‐pollinated genus Brandisia (Orobanchaceae) from Asia,2026,Journal of Systematics and Evolution,OPENALEX,Q10,https://openalex.org/W7125816984,,UNSCREENED,,,,,,,,,,,,,,,,,,,,,,,,,,,,
SCHPRISMA-000351,10.1111/oik.01347,Flower visitation by birds in Europe,2014,Oikos,OPENALEX,Q13,https://openalex.org/W2137588919,,UNSCREENED,,,,,,,,,,,,,,,,,,,,,,,,,,,,
SCHPRISMA-000352,10.1101/2023.11.21.568056,Flower visitor groups show differential responses to individual and plot-level chemodiversity with consequences for plant fitness,2023,bioRxiv (Cold Spring Harbor Laboratory),OPENALEX,Q01;Q02;Q04;Q05;Q10;Q13,https://openalex.org/W4388880329,,UNSCREENED,,,,,,,,,,,,,,,,,,,,,,,,,,,,
SCHPRISMA-000353,10.1111/btp.13342,Flower visitor networks: Reduced reproductive success driven by antagonists in a hummingbird‐pollinated species,2024,Biotropica,OPENALEX,Q05;Q08;Q09;Q10;Q13,https://openalex.org/W4398776692,,UNSCREENED,,,,,,,,,,,,,,,,,,,,,,,,,,,,
SCHPRISMA-000354,10.1590/0102-33062019abb0209,Flowering and pollination ecology of Cleistocactus baumannii (Cactaceae) in the Brazilian Chaco: pollinator dependence and floral larceny,2020,Acta Botanica Brasilica,OPENALEX,Q13,https://openalex.org/W3013915418,,UNSCREENED,,,,,,,,,,,,,,,,,,,,,,,,,,,,
SCHPRISMA-000355,10.6084/m9.figshare.12027627,Flowering and pollination ecology of Cleistocactus baumannii (Cactaceae) in the Brazilian Chaco: pollinator dependence and floral larceny,2020,Figshare,OPENALEX,Q13,https://openalex.org/W4394281482,,UNSCREENED,,,,,,,,,,,,,,,,,,,,,,,,,,,,
SCHPRISMA-000356,10.3120/0024-9637-70.4.197,"FLOWERING, FRUIT SET, AND SEED PREDATION IN ARCTOSTAPHYLOS MORROENSIS, A RARE OBLIGATE-SEEDING SHRUB",2024,Madroño,OPENALEX,Q12;Q13,https://openalex.org/W4399087562,,UNSCREENED,,,,,,,,,,,,,,,,,,,,,,,,,,,,
SCHPRISMA-000357,10.15302/j-fase-2021427,FLOWERING PLANTS AND ENTOMOPHAGOUS ARTHROPODS IN THE AGRICULTURAL LANDSCAPE: A PRACTISE-ORIENTED SUMMARY OF A COMPLEX RELATIONSHIP,2021,Frontiers of Agricultural Science and Engineering,OPENALEX,Q01,https://openalex.org/W4251710210,,UNSCREENED,,,,,,,,,,,,,,,,,,,,,,,,,,,,
SCHPRISMA-000358,10.1046/j.1365-2311.2002.00438.x,Flowers at the front line of invasion?,2002,Ecological Entomology,OPENALEX,Q12,https://openalex.org/W1967113924,,UNSCREENED,,,,,,,,,,,,,,,,,,,,,,,,,,,,
SCHPRISMA-000359,10.1111/oik.10219,"Flowers of ruderal species are numerous but small, short and low‐rewarding",2023,Oikos,OPENALEX,Q01;Q04;Q07;Q08;Q09;Q13,https://openalex.org/W4386483108,,UNSCREENED,,,,,,,,,,,,,,,,,,,,,,,,,,,,
SCHPRISMA-000360,10.1111/1365-2745.70103,Foliar herbivory pushes plant individuals towards the periphery of a plant–floral visitor interaction network,2025,Journal of Ecology,OPENALEX,Q05;Q08,https://openalex.org/W4412361948,,UNSCREENED,,,,,,,,,,,,,,,,,,,,,,,,,,,,
SCHPRISMA-000361,10.1007/s11101-019-09642-y,For antagonists and mutualists: the paradox of insect toxic secondary metabolites in nectar and pollen,2019,Phytochemistry Reviews,OPENALEX,Q01;Q04;Q07;Q10;Q13,https://openalex.org/W2970593363,,UNSCREENED,,,,,,,,,,,,,,,,,,,,,,,,,,,,
SCHPRISMA-000362,10.1111/oik.2017.v126.i9,Foraging strategy predicts foraging economy in a facultative secondary nectar robber,2017,Oikos,OPENALEX,Q13,https://openalex.org/W4243010376,,UNSCREENED,,,,,,,,,,,,,,,,,,,,,,,,,,,,
SCHPRISMA-000363,10.20944/preprints202511.1707.v1,Four Petal-Specific TPS Drive Nocturnal Terpene Scent in Jasminum sambac,2025,Preprints.org,OPENALEX,Q01;Q05;Q10,https://openalex.org/W4416615265,,UNSCREENED,,,,,,,,,,,,,,,,,,,,,,,,,,,,
SCHPRISMA-000364,10.3390/horticulturae12010010,Four Petal-Specific TPS Drive Nocturnal Terpene Scent in Jasminum sambac,2025,Horticulturae,OPENALEX,Q01;Q05;Q10,https://openalex.org/W7116858585,,UNSCREENED,,,,,,,,,,,,,,,,,,,,,,,,,,,,
SCHPRISMA-000365,10.1007/s10886-006-9051-x,Fragrance of Canada Thistle (Cirsium arvense) Attracts Both Floral Herbivores and Pollinators,2006,Journal of Chemical Ecology,OPENALEX,Q01;Q02,https://openalex.org/W2066723483,,UNSCREENED,,,,,,,,,,,,,,,,,,,,,,,,,,,,
SCHPRISMA-000366,10.1201/9781003595694-2,Fragrant Signals (Jasmonates) in Growth and Development,2025,Apple Academic Press eBooks,OPENALEX,Q01,https://openalex.org/W4408891910,,UNSCREENED,,,,,,,,,,,,,,,,,,,,,,,,,,,,
SCHPRISMA-000367,10.1111/nph.12720,Frontiers in chemical ecology and coevolution,2014,New Phytologist,OPENALEX,Q05,https://openalex.org/W2121455504,,UNSCREENED,,,,,,,,,,,,,,,,,,,,,,,,,,,,
SCHPRISMA-000368,10.3390/ijms252212247,Functional Analysis of PsHMGR1 and PsTPS1 Related to Floral Terpenoids Biosynthesis in Tree Peony,2024,International Journal of Molecular Sciences,OPENALEX,Q01;Q05,https://openalex.org/W4404377108,,UNSCREENED,,,,,,,,,,,,,,,,,,,,,,,,,,,,
SCHPRISMA-000369,10.3389/fpls.2022.1077229,Functional characterization of a terpene synthase responsible for (E)-β-ocimene biosynthesis identified in Pyrus betuleafolia transcriptome after herbivory,2022,Frontiers in Plant Science,OPENALEX,Q01,https://openalex.org/W4309738995,,UNSCREENED,,,,,,,,,,,,,,,,,,,,,,,,,,,,
SCHPRISMA-000370,10.1002/ecy.1756,Functional consequences of plant‐animal interactions along the mutualism‐antagonism gradient,2017,Ecology,OPENALEX,Q08;Q12;Q13,https://openalex.org/W2581996291,,UNSCREENED,,,,,,,,,,,,,,,,,,,,,,,,,,,,
SCHPRISMA-000371,10.1007/s10531-025-03225-4,Functional redundancy in invertebrate pollinator-predator networks supports conservation of a threatened North American orchid: a case study of Platanthera integrilabia,2026,Biodiversity and Conservation,OPENALEX,Q09;Q10,https://openalex.org/W7118431838,,UNSCREENED,,,,,,,,,,,,,,,,,,,,,,,,,,,,
SCHPRISMA-000372,10.1016/j.baae.2026.07.005,Functional roles and plant-mediated bottom-up effects influence arthropod responses to habitat fragmentation,2026,Basic and Applied Ecology,OPENALEX,Q09,https://openalex.org/W7167572087,,UNSCREENED,,,,,,,,,,,,,,,,,,,,,,,,,,,,
SCHPRISMA-000373,10.1111/j.1469-8137.2008.02428.x,Fungal sex as a private matter: odour signals in a specialized pollination‐like insect–fungus mutualism,2008,New Phytologist,OPENALEX,Q05,https://openalex.org/W2092982542,,UNSCREENED,,,,,,,,,,,,,,,,,,,,,,,,,,,,
SCHPRISMA-000374,10.53846/goediss-3420,Funktionelle Vielfalt von Hymenopteren entlang eines Gradienten agroforstlicher Nutzung in Indonesien,2008,,OPENALEX,Q08;Q09;Q13,https://openalex.org/W1794751729,,UNSCREENED,,,,,,,,,,,,,,,,,,,,,,,,,,,,
SCHPRISMA-000375,10.1371/journal.pone.0059299,"Generalization versus Specialization in Pollination Systems: Visitors, Thieves, and Pollinators of Hypoestes aristata (Acanthaceae)",2013,PLoS ONE,OPENALEX,Q13,https://openalex.org/W2152475483,,UNSCREENED,,,,,,,,,,,,,,,,,,,,,,,,,,,,
SCHPRISMA-000376,10.1093/aob/mcw097,Geographic consistency and variation in conflicting selection generated by pollinators and seed predators,2016,Annals of Botany,OPENALEX,Q08;Q09;Q10;Q12;Q13,https://openalex.org/W2468917534,,UNSCREENED,,,,,,,,,,,,,,,,,,,,,,,,,,,,
SCHPRISMA-000377,10.4236/ajps.2014.518283,"Geographic Flower Trait Variation of Aquilegia buergeriana Sieb. et Zucc. var. buergeriana on Mt. Norikura and the Utsukushigahara Highland, Japan",2014,American Journal of Plant Sciences,OPENALEX,Q09;Q12,https://openalex.org/W2118141246,,UNSCREENED,,,,,,,,,,,,,,,,,,,,,,,,,,,,
SCHPRISMA-000378,10.1002/ecs2.2943,"Geographic isolation, pollination syndromes, and pollinator generalization in HimalayanRoscoeaspp. (Zingiberaceae)",2019,Ecosphere,OPENALEX,Q08;Q09;Q10;Q13,https://openalex.org/W2984597044,,UNSCREENED,,,,,,,,,,,,,,,,,,,,,,,,,,,,
SCHPRISMA-000379,10.4236/ajps.2015.65079,"Geographic Variation in Flower Size and Flower-Visitor Composition of Two Bumblebee-Pollinated, Spring-Flowering Herbs, Lamium album L. var. barbatum (Lamiaceae) and Meehania urticifolia (Lamiaceae)",2015,American Journal of Plant Sciences,OPENALEX,Q09;Q13,https://openalex.org/W1991428849,,UNSCREENED,,,,,,,,,,,,,,,,,,,,,,,,,,,,
SCHPRISMA-000380,10.3732/ajb.1600114,Geographic variation in resistance to nectar robbing and consequences for pollination,2016,American Journal of Botany,OPENALEX,Q10;Q12;Q13,https://openalex.org/W2528815145,,UNSCREENED,,,,,,,,,,,,,,,,,,,,,,,,,,,,
SCHPRISMA-000381,10.1371/journal.pone.0112013,"Gloss, Colour and Grip: Multifunctional Epidermal Cell Shapes in Bee- and Bird-Pollinated Flowers",2014,PLoS ONE,OPENALEX,Q07;Q09;Q10;Q11;Q13,https://openalex.org/W2148710213,,UNSCREENED,,,,,,,,,,,,,,,,,,,,,,,,,,,,
SCHPRISMA-000382,10.1104/pp.109.148478,Glucanases and Chitinases as Causal Agents in the Protection ofAcaciaExtrafloral Nectar from Infestation by Phytopathogens,2009,PLANT PHYSIOLOGY,OPENALEX,Q01;Q04,https://openalex.org/W2151953540,,UNSCREENED,,,,,,,,,,,,,,,,,,,,,,,,,,,,
SCHPRISMA-000383,10.1016/j.phytochem.2023.113707,Grayanotoxin I variation across tissues and species of Rhododendron suggests pollinator-herbivore defence trade-offs,2023,Phytochemistry,OPENALEX,Q01;Q04;Q10;Q11;Q13,https://openalex.org/W4368370419,,UNSCREENED,,,,,,,,,,,,,,,,,,,,,,,,,,,,
SCHPRISMA-000384,10.17863/cam.22834,"Grip, slip, petals, and pollinators: Linking the biomechanics, behaviour and ecology of interactions between bees and plants",2017,Apollo (University of Cambridge),OPENALEX,Q10,https://openalex.org/W2799685560,,UNSCREENED,,,,,,,,,,,,,,,,,,,,,,,,,,,,
SCHPRISMA-000385,10.1111/j.1744-7429.2007.00345.x,Habitat Structure Affects Reproductive Success of the Rare Endemic Tree Syzygium mamillatum (Myrtaceae) in Restored and Unrestored Sites in Mauritius,2007,Biotropica,OPENALEX,Q08;Q09,https://openalex.org/W2027931705,,UNSCREENED,,,,,,,,,,,,,,,,,,,,,,,,,,,,
SCHPRISMA-000386,10.26786/1920-7603(2022)685,"Hawaiian Endemic Honeycreepers (Drepanidinae) are Nectar Robbers of the Invasive Banana Poka (Passiflora tarminiana, Passifloraceae)",2022,Journal of Pollination Ecology,OPENALEX,Q13,https://openalex.org/W4224267961,,UNSCREENED,,,,,,,,,,,,,,,,,,,,,,,,,,,,
SCHPRISMA-000387,10.1371/journal.pone.0166646,Herbivore-Induced DNA Demethylation Changes Floral Signalling and Attractiveness to Pollinators in Brassica rapa,2016,PLoS ONE,OPENALEX,Q01;Q05;Q08;Q09;Q10;Q11,https://openalex.org/W2552723700,,UNSCREENED,,,,,,,,,,,,,,,,,,,,,,,,,,,,
SCHPRISMA-000388,10.3389/fpls.2021.727957,Herbivore-Mediated Selection on Floral Display Covaries Nonlinearly With Plant-Antagonistic Interaction Intensity Among Primrose Populations,2021,Frontiers in Plant Science,OPENALEX,Q01;Q08;Q09;Q10;Q11,https://openalex.org/W3212090771,,UNSCREENED,,,,,,,,,,,,,,,,,,,,,,,,,,,,
SCHPRISMA-000389,,HERBIVORE RESISTANCE AND POLLINATION: IMPLICATIONS FOR POLLINATION AND NECTAR ROBBING IN A DISTYLOUS PLANT',2006,,OPENALEX,Q13,https://openalex.org/W2398098277,,UNSCREENED,,,,,,,,,,,,,,,,,,,,,,,,,,,,
SCHPRISMA-000390,10.1890/09-1373.1,"Herbivores affect natural selection for floral‐sex ratio in a field population of horsenettle, Solanum carolinense",2010,Ecology,OPENALEX,Q12,https://openalex.org/W2104312221,,UNSCREENED,,,,,,,,,,,,,,,,,,,,,,,,,,,,
SCHPRISMA-000391,10.1111/jeb.13392,Herbivores and plant defences affect selection on plant reproductive traits more strongly than pollinators,2018,Journal of Evolutionary Biology,OPENALEX,Q09,https://openalex.org/W2896598112,,UNSCREENED,,,,,,,,,,,,,,,,,,,,,,,,,,,,
SCHPRISMA-000392,10.1111/nph.12783,Herbivory and floral signaling: phenotypic plasticity and tradeoffs between reproduction and indirect defense,2014,New Phytologist,OPENALEX,Q05;Q06,https://openalex.org/W2155332905,,UNSCREENED,,,,,,,,,,,,,,,,,,,,,,,,,,,,
SCHPRISMA-000393,10.1002/evl3.200,Herbivory and pollination impact on the evolution of herbivore-induced plasticity in defense and floral traits,2020,Evolution Letters,OPENALEX,Q05;Q08;Q10;Q11,https://openalex.org/W3094747287,,UNSCREENED,,,,,,,,,,,,,,,,,,,,,,,,,,,,
SCHPRISMA-000394,10.1007/s10886-020-01213-2,Herbivory and Time Since Flowering Shape Floral Rewards and Pollinator-Pathogen Interactions,2020,Journal of Chemical Ecology,OPENALEX,Q05;Q08;Q10;Q11;Q12,https://openalex.org/W3081944486,,UNSCREENED,,,,,,,,,,,,,,,,,,,,,,,,,,,,
SCHPRISMA-000395,10.1371/journal.pone.0031971,Herbivory by a Phloem-Feeding Insect Inhibits Floral Volatile Production,2012,PLoS ONE,OPENALEX,Q01;Q05,https://openalex.org/W2067846072,,UNSCREENED,,,,,,,,,,,,,,,,,,,,,,,,,,,,
SCHPRISMA-000396,10.1101/2021.04.19.440496,Herbivory enhances leaky sex expression in the dioecious herb Mercurialis annua,2021,bioRxiv (Cold Spring Harbor Laboratory),OPENALEX,Q01;Q06;Q08;Q10,https://openalex.org/W3154685877,,UNSCREENED,,,,,,,,,,,,,,,,,,,,,,,,,,,,
SCHPRISMA-000397,10.1007/s10886-015-0597-3,Herbivory Increases Fruit Set in Silene latifolia: A Consequence of Induced Pollinator-Attracting Floral Volatiles?,2015,Journal of Chemical Ecology,OPENALEX,Q05,https://openalex.org/W611936191,,UNSCREENED,,,,,,,,,,,,,,,,,,,,,,,,,,,,
SCHPRISMA-000398,10.1007/s10682-016-9875-y,Herbivory-induced changes in the olfactory and visual display of flowers and extrafloral nectaries affect pollinator behavior,2016,Evolutionary Ecology,OPENALEX,Q01;Q08;Q10;Q11,https://openalex.org/W2554372037,,UNSCREENED,,,,,,,,,,,,,,,,,,,,,,,,,,,,
SCHPRISMA-000399,10.1890/11-1691.1,Herbivory reduces plant interactions with above‐ and belowground antagonists and mutualists,2012,Ecology,OPENALEX,Q01;Q05;Q08;Q09;Q10,https://openalex.org/W2053309077,,UNSCREENED,,,,,,,,,,,,,,,,,,,,,,,,,,,,
SCHPRISMA-000400,10.1111/nph.13652,Heritability of floral volatiles and pleiotropic responses to artificial selection in Brassica rapa,2015,New Phytologist,OPENALEX,Q01;Q05;Q06;Q09;Q10;Q11,https://openalex.org/W2151088951,,UNSCREENED,,,,,,,,,,,,,,,,,,,,,,,,,,,,
SCHPRISMA-000401,10.22541/au.163251461.10020997/v1,High insect pest damage increases faba bean ( Vicia faba ) yield components but only in the absence of insect pollination,2021,,OPENALEX,Q13,https://openalex.org/W4213243106,,UNSCREENED,,,,,,,,,,,,,,,,,,,,,,,,,,,,
SCHPRISMA-000402,10.47749/t/unicamp.2021.1257620,História natural das relações alimentares de aves com plantas em um parque urbano no Sudeste do Brasil,2021,,OPENALEX,Q12,https://openalex.org/W4388853148,,UNSCREENED,,,,,,,,,,,,,,,,,,,,,,,,,,,,
SCHPRISMA-000403,10.1093/aesa/saab035,Holistic Management of Pollinators and Pests: Integrating Semiochemicals With On-Farm Pesticides,2021,Annals of the Entomological Society of America,OPENALEX,Q08,https://openalex.org/W3196976571,,UNSCREENED,,,,,,,,,,,,,,,,,,,,,,,,,,,,
SCHPRISMA-000404,10.1002/2688-8319.12380,Home sweet home: Evaluation of native versus exotic plants as resources for insects in urban green spaces,2024,Ecological Solutions and Evidence,OPENALEX,Q01;Q05,https://openalex.org/W4402840404,,UNSCREENED,,,,,,,,,,,,,,,,,,,,,,,,,,,,
SCHPRISMA-000405,10.1007/s10886-021-01309-3,Host Plant Constancy in Ovipositing Manduca sexta,2021,Journal of Chemical Ecology,OPENALEX,Q01;Q11,https://openalex.org/W3200598173,,UNSCREENED,,,,,,,,,,,,,,,,,,,,,,,,,,,,
SCHPRISMA-000406,10.1371/journal.pone.0044804,Host-Plant Species Conservatism and Ecology of a Parasitoid Fig Wasp Genus (Chalcidoidea; Sycoryctinae; Arachonia),2012,PLoS ONE,OPENALEX,Q05,https://openalex.org/W2134377911,,UNSCREENED,,,,,,,,,,,,,,,,,,,,,,,,,,,,
SCHPRISMA-000407,10.1890/02-0542,"HOST SPECIES AFFECTS HERBIVORY, POLLINATION, AND REPRODUCTION IN EXPERIMENTS WITH PARASITIC CASTILLEJA",2003,Ecology,OPENALEX,Q08;Q10,https://openalex.org/W2096989028,,UNSCREENED,,,,,,,,,,,,,,,,,,,,,,,,,,,,
SCHPRISMA-000408,10.1093/jpe/rtu012,How do belowground organisms influence plant-pollinator interactions?,2014,Journal of Plant Ecology,OPENALEX,Q01;Q02;Q03;Q05;Q08;Q09;Q10;Q11;Q12,https://openalex.org/W2130798117,,UNSCREENED,,,,,,,,,,,,,,,,,,,,,,,,,,,,
SCHPRISMA-000409,,How do Human-Induced Environmental Changes and Parasitism Influence Plant Traits Governing Bumblebee Foraging?,2026,YorkSpace (York University),OPENALEX,Q05;Q08;Q09,https://openalex.org/W7171271122,,UNSCREENED,,,,,,,,,,,,,,,,,,,,,,,,,,,,
SCHPRISMA-000410,10.1111/nph.15594,How flower colour signals allure bees and hummingbirds: a community‐level test of the bee avoidance hypothesis,2018,New Phytologist,OPENALEX,Q10;Q11,https://openalex.org/W2900958684,,UNSCREENED,,,,,,,,,,,,,,,,,,,,,,,,,,,,
SCHPRISMA-000411,10.7554/elife.07641,How scent and nectar influence floral antagonists and mutualists,2015,eLife,OPENALEX,Q01,https://openalex.org/W2163905505,,UNSCREENED,,,,,,,,,,,,,,,,,,,,,,,,,,,,
SCHPRISMA-000412,10.25148/etd.fidc010278,How Weeds Affect Insects in Mango Cultivation of South Florida,2021,,OPENALEX,Q12,https://openalex.org/W4367839960,,UNSCREENED,,,,,,,,,,,,,,,,,,,,,,,,,,,,
SCHPRISMA-000413,10.3389/fpls.2021.647347,Humans Share More Preferences for Floral Phenotypes With Pollinators Than With Pests,2021,Frontiers in Plant Science,OPENALEX,Q01;Q02;Q05;Q07;Q10;Q11,https://openalex.org/W3195274468,,UNSCREENED,,,,,,,,,,,,,,,,,,,,,,,,,,,,
SCHPRISMA-000414,10.1371/journal.pone.0225252,I’ve been robbed! – Can changes in floral traits discourage bee pollination?,2019,PLoS ONE,OPENALEX,Q04;Q10;Q11;Q13,https://openalex.org/W2990630918,,UNSCREENED,,,,,,,,,,,,,,,,,,,,,,,,,,,,
SCHPRISMA-000415,10.3791/4381,Identification of Olfactory Volatiles using Gas Chromatography-Multi-unit Recordings (GCMR) in the Insect Antennal Lobe,2013,Journal of Visualized Experiments,OPENALEX,Q01;Q05,https://openalex.org/W1999040400,,UNSCREENED,,,,,,,,,,,,,,,,,,,,,,,,,,,,
SCHPRISMA-000416,10.1111/1365-2664.13304,"Identifying native plants for coordinated habitat management of arthropod pollinators, herbivores and natural enemies",2018,Journal of Applied Ecology,OPENALEX,Q08;Q09,https://openalex.org/W2901865450,,UNSCREENED,,,,,,,,,,,,,,,,,,,,,,,,,,,,
SCHPRISMA-000417,10.35495/ajab.2020.06.373,"Impact of abiotic factors on the foraging behavior of two honeybee species on canola in Bahawalpur, Punjab-Pakistan",2020,Asian Journal of Agriculture and Biology,OPENALEX,Q13,https://openalex.org/W4251695064,,UNSCREENED,,,,,,,,,,,,,,,,,,,,,,,,,,,,
SCHPRISMA-000418,10.3390/insects10080233,Impact of Biotic and Abiotic Stressors on Managed and Feral Bees,2019,Insects,OPENALEX,Q10,https://openalex.org/W2965280764,,UNSCREENED,,,,,,,,,,,,,,,,,,,,,,,,,,,,
SCHPRISMA-000419,10.3390/plants14060837,Impacts of Leaf Damage Intensity on Ant–Plant Protection Mutualism and Plant Fitness,2025,Plants,OPENALEX,Q05;Q10,https://openalex.org/W4408168648,,UNSCREENED,,,,,,,,,,,,,,,,,,,,,,,,,,,,
SCHPRISMA-000420,10.1002/ajb2.16414,Impacts of ramet density and herbivory on floral volatile emissions and seed production in Solidago altissima,2024,American Journal of Botany,OPENALEX,Q01;Q05;Q08,https://openalex.org/W4403233371,,UNSCREENED,,,,,,,,,,,,,,,,,,,,,,,,,,,,
SCHPRISMA-000421,10.1007/s13593-025-01082-7,Implementation of practices shapes the effectiveness of agricultural diversification for arthropod related ecosystem services: a meta-analysis,2026,Agronomy for Sustainable Development,OPENALEX,Q01,https://openalex.org/W7131675860,,UNSCREENED,,,,,,,,,,,,,,,,,,,,,,,,,,,,
SCHPRISMA-000422,,Implicaciones ecológicas y evolutivas del robo de néctar en ecosistemas neotropicales venezolanos,2017,,OPENALEX,Q13,https://openalex.org/W2775412905,,UNSCREENED,,,,,,,,,,,,,,,,,,,,,,,,,,,,
SCHPRISMA-000423,10.1002/ajb2.1594,Inbreeding in Solanum carolinense alters floral attractants and rewards and adversely affects pollinator visitation,2021,American Journal of Botany,OPENALEX,Q01;Q05;Q08;Q09,https://openalex.org/W3118474541,,UNSCREENED,,,,,,,,,,,,,,,,,,,,,,,,,,,,
SCHPRISMA-000424,10.1101/2024.07.10.602874,Increasing intraspecific plant chemical diversity at plot and plant level affects arthropod communities,2024,bioRxiv (Cold Spring Harbor Laboratory),OPENALEX,Q01;Q05,https://openalex.org/W4400644282,,UNSCREENED,,,,,,,,,,,,,,,,,,,,,,,,,,,,
SCHPRISMA-000425,10.22541/au.172115351.16959271/v1,"Increasing intraspecific plant chemical diversity at plot and plant level affects herbivorous, predatory, and pollinating arthropod communities",2024,,OPENALEX,Q01;Q05,https://openalex.org/W4400678509,,UNSCREENED,,,,,,,,,,,,,,,,,,,,,,,,,,,,
SCHPRISMA-000426,10.25675/3.020547,Indirect effects in plant-pollinator interactions: the role of exotic plants and herbivores,2008,Colorado State University,OPENALEX,Q08,https://openalex.org/W2336106793,,UNSCREENED,,,,,,,,,,,,,,,,,,,,,,,,,,,,
SCHPRISMA-000427,10.3732/ajb.1500043,Indirect effects of herbivory on plant–pollinator interactions in invasive Lythrum salicaria,2015,American Journal of Botany,OPENALEX,Q08,https://openalex.org/W2199672919,,UNSCREENED,,,,,,,,,,,,,,,,,,,,,,,,,,,,
SCHPRISMA-000428,10.3389/fpls.2020.588383,Indirect Selection on Flower Color in Silene littorea,2020,Frontiers in Plant Science,OPENALEX,Q06;Q07;Q08;Q09;Q10;Q11;Q12,https://openalex.org/W3114981476,,UNSCREENED,,,,,,,,,,,,,,,,,,,,,,,,,,,,
SCHPRISMA-000429,10.1139/b01-136,"Individual flowering schedule, fruit set, and flower and seed predation in Vaccinium hirtum Thunb. (Ericaceae)",2002,Canadian Journal of Botany,OPENALEX,Q12,https://openalex.org/W1969515607,,UNSCREENED,,,,,,,,,,,,,,,,,,,,,,,,,,,,
SCHPRISMA-000430,10.1104/pp.107.112326,Influence of Green Leaf Herbivory by Manduca sexta on Floral Volatile Emission by Nicotiana suaveolens,2008,PLANT PHYSIOLOGY,OPENALEX,Q01;Q05;Q08;Q09;Q10,https://openalex.org/W2128350947,,UNSCREENED,,,,,,,,,,,,,,,,,,,,,,,,,,,,
SCHPRISMA-000431,10.1002/ajb2.16170,Influence of plant domestication on plant‐pollinator interactions: Floral attributes and floral visitor communities in wild and cultivated squash plants,2023,American Journal of Botany,OPENALEX,Q10,https://openalex.org/W4366236676,,UNSCREENED,,,,,,,,,,,,,,,,,,,,,,,,,,,,
SCHPRISMA-000432,10.1371/journal.pone.0018071,Inherited Biotic Protection in a Neotropical Pioneer Plant,2011,PLoS ONE,OPENALEX,Q05,https://openalex.org/W2036869256,,UNSCREENED,,,,,,,,,,,,,,,,,,,,,,,,,,,,
SCHPRISMA-000433,10.1111/pce.14516,Insect exuviae as soil amendment affect flower reflectance and increase flower production and plant volatile emission,2022,Plant Cell & Environment,OPENALEX,Q01;Q05;Q07;Q08;Q09,https://openalex.org/W4311501904,,UNSCREENED,,,,,,,,,,,,,,,,,,,,,,,,,,,,
SCHPRISMA-000434,10.1111/1365-2745.14242,Insect herbivory but not plant pathogen infection drive floral volatile‐mediated indirect effects on pollinators and plant fitness in Brassica rapa,2023,Journal of Ecology,OPENALEX,Q01;Q05;Q07;Q08;Q10;Q11,https://openalex.org/W4389732560,,UNSCREENED,,,,,,,,,,,,,,,,,,,,,,,,,,,,
SCHPRISMA-000435,10.1007/s00442-025-05777-2,Insect herbivory differentially affects the behaviour of two pollinators of Brassica rapa,2025,Oecologia,OPENALEX,Q05;Q07;Q08;Q11,https://openalex.org/W4413137490,,UNSCREENED,,,,,,,,,,,,,,,,,,,,,,,,,,,,
SCHPRISMA-000436,10.1002/ece3.8686,Insect pest damage increases faba bean (Vicia faba) yield components but only in the absence of insect pollination,2022,Ecology and Evolution,OPENALEX,Q13,https://openalex.org/W4221007441,,UNSCREENED,,,,,,,,,,,,,,,,,,,,,,,,,,,,
SCHPRISMA-000437,,Insect pollination of oilseed rape,2017,Epsilon Open Archive (Sveriges lantbruksuniversitet biblioteket (Swedish University of Agricultural Sciences)),OPENALEX,Q01;Q10,https://openalex.org/W2606418695,,UNSCREENED,,,,,,,,,,,,,,,,,,,,,,,,,,,,
SCHPRISMA-000438,,Insetos visitantes florais e suas interações em uma área em processo de recuperação ambiental após mineração de carvão a céu aberto no sul de Santa Catarina,2023,Dialnet (Universidad de la Rioja),OPENALEX,Q08,https://openalex.org/W7161456169,,UNSCREENED,,,,,,,,,,,,,,,,,,,,,,,,,,,,
SCHPRISMA-000439,10.1111/ppl.13914,Integrated metabolome and transcriptome analysis provides insights on the floral scent formation in Hydrangea arborescens,2023,Physiologia Plantarum,OPENALEX,Q01;Q05,https://openalex.org/W4366351371,,UNSCREENED,,,,,,,,,,,,,,,,,,,,,,,,,,,,
SCHPRISMA-000440,10.1111/nph.20006,Integration of attractive and defensive phytochemicals is unlikely to constrain chemical diversification in a perennial herb,2024,New Phytologist,OPENALEX,Q01;Q02;Q03;Q04;Q05;Q06;Q09;Q10;Q11;Q12;Q13,https://openalex.org/W4401192807,,UNSCREENED,,,,,,,,,,,,,,,,,,,,,,,,,,,,
SCHPRISMA-000441,10.1186/s12870-025-06163-z,Integrative transcriptome and metabolome analysis reveals candidate genes related to terpene synthesis in Chrysanthemum × morifolium,2025,BMC Plant Biology,OPENALEX,Q01,https://openalex.org/W4407290308,,UNSCREENED,,,,,,,,,,,,,,,,,,,,,,,,,,,,
SCHPRISMA-000442,,Intensity of plantanimal interactions affects selection strength,2008,,OPENALEX,Q12,https://openalex.org/W1481562372,,UNSCREENED,,,,,,,,,,,,,,,,,,,,,,,,,,,,
SCHPRISMA-000443,10.1093/jee/toac023,Interacting Antagonisms: Parasite Infection Alters Bombus impatiens (Hymenoptera: Apidae) Responses to Herbivory on Tomato Plants,2022,Journal of Economic Entomology,OPENALEX,Q10,https://openalex.org/W4210617550,,UNSCREENED,,,,,,,,,,,,,,,,,,,,,,,,,,,,
SCHPRISMA-000444,10.1590/s0301-80591998000200001,Interaction between ants and plants bearing extrafloral nectaries in cerrado vegetation,1998,Anais da Sociedade Entomológica do Brasil,OPENALEX,Q08;Q12,https://openalex.org/W1994513726,,UNSCREENED,,,,,,,,,,,,,,,,,,,,,,,,,,,,
SCHPRISMA-000445,10.1111/nph.16514,Interaction networks and trait evolution,2020,New Phytologist,OPENALEX,Q10,https://openalex.org/W3014025863,,UNSCREENED,,,,,,,,,,,,,,,,,,,,,,,,,,,,
SCHPRISMA-000446,,Interactions between bee species in relation to floral resources,2017,Otago University Research Archive (University of Otago),OPENALEX,Q10,https://openalex.org/W2740849115,,UNSCREENED,,,,,,,,,,,,,,,,,,,,,,,,,,,,
SCHPRISMA-000447,,Interactions between cactus-specialist solitary bees and their host cacti,2001,UA Campus Repository (The University of Arizona),OPENALEX,Q10;Q12;Q13,https://openalex.org/W824212550,,UNSCREENED,,,,,,,,,,,,,,,,,,,,,,,,,,,,
SCHPRISMA-000448,10.3389/fevo.2021.685542,"Interactions Between Figs and Gall-Inducing Fig Wasps: Adaptations, Constraints, and Unanswered Questions",2021,Frontiers in Ecology and Evolution,OPENALEX,Q01;Q09,https://openalex.org/W3188403184,,UNSCREENED,,,,,,,,,,,,,,,,,,,,,,,,,,,,
SCHPRISMA-000449,10.7275/dkm7-5k19,"Interactions between floral mutualists and antagonists, and consequences for plant reproduction",2019,Scholarworks (University of Massachusetts Amherst),OPENALEX,Q10,https://openalex.org/W1563361177,,UNSCREENED,,,,,,,,,,,,,,,,,,,,,,,,,,,,
SCHPRISMA-000450,10.1111/1365-2435.14231,Interactions between protea plants and their animal mutualists and antagonists are structured more by energetic than morphological trait matching,2022,Functional Ecology,OPENALEX,Q12,https://openalex.org/W4309759128,,UNSCREENED,,,,,,,,,,,,,,,,,,,,,,,,,,,,
SCHPRISMA-000451,10.20381/ruor-21200,Interactions between Two Herbivores Introduced as Biocontrol Agents against Invasive Purple Loosestrife,2017,uO Research (University of Ottawa),OPENALEX,Q08;Q12,https://openalex.org/W2769006191,,UNSCREENED,,,,,,,,,,,,,,,,,,,,,,,,,,,,
SCHPRISMA-000452,10.1016/j.envadv.2022.100285,Interactive effects of ozone and carbon dioxide on plant-pollinator interactions and yields in a legume crop,2022,Environmental Advances,OPENALEX,Q01;Q08,https://openalex.org/W4294733869,,UNSCREENED,,,,,,,,,,,,,,,,,,,,,,,,,,,,
SCHPRISMA-000453,10.14393/ufu.di.2023.8069,Interações planta-polinizador e planta-florívoros no Cerrado: explorando as dependências da densidade,2023,,OPENALEX,Q08,https://openalex.org/W4390673137,,UNSCREENED,,,,,,,,,,,,,,,,,,,,,,,,,,,,
SCHPRISMA-000454,10.1371/journal.pone.0072805,Intraspecific Combinations of Flower and Leaf Volatiles Act Together in Attracting Hawkmoth Pollinators,2013,PLoS ONE,OPENALEX,Q01;Q09,https://openalex.org/W2171551521,,UNSCREENED,,,,,,,,,,,,,,,,,,,,,,,,,,,,
SCHPRISMA-000455,10.1007/s10682-019-09991-2,Intraspecific floral color variation as perceived by pollinators and non-pollinators: evidence for pollinator-imposed constraints?,2019,Evolutionary Ecology,OPENALEX,Q06,https://openalex.org/W2949696910,,UNSCREENED,,,,,,,,,,,,,,,,,,,,,,,,,,,,
SCHPRISMA-000456,10.1111/1365-2435.70170,Intraspecific plant chemodiversity at plot level has contrasting effects on arthropod functional groups,2025,Functional Ecology,OPENALEX,Q01;Q02;Q05,https://openalex.org/W4415396823,,UNSCREENED,,,,,,,,,,,,,,,,,,,,,,,,,,,,
SCHPRISMA-000457,10.1111/nph.13854,Introduction to a Virtual Special Issue on plant volatiles,2016,New Phytologist,OPENALEX,Q01;Q05;Q09;Q11,https://openalex.org/W2283012148,,UNSCREENED,,,,,,,,,,,,,,,,,,,,,,,,,,,,
SCHPRISMA-000458,10.1101/018952,"Invasive plants as novel food resources, the pollinators’ perspective",2015,bioRxiv (Cold Spring Harbor Laboratory),OPENALEX,Q10,https://openalex.org/W2269437075,,UNSCREENED,,,,,,,,,,,,,,,,,,,,,,,,,,,,
SCHPRISMA-000459,10.1086/673536,"Invasive Silene latifolia May Benefit from a Native Pollinating Seed Predator, Hadena ectypa , in North America",2013,International Journal of Plant Sciences,OPENALEX,Q03,https://openalex.org/W2019911713,,UNSCREENED,,,,,,,,,,,,,,,,,,,,,,,,,,,,
SCHPRISMA-000460,,"Investigating The Effects Of Ant-Hemipteran Mutualisms On The Invertebrate Community Structure And Their Host Plant, Honey Mesquite (prosopis Glandulosa)",2018,ScholarWorks -A service of University of Vermont Libraries (University of Vermont),OPENALEX,Q09;Q12,https://openalex.org/W2899699297,,UNSCREENED,,,,,,,,,,,,,,,,,,,,,,,,,,,,
SCHPRISMA-000461,,Investigating the evolutionary consequences of sexual conflict through pollen and pistil traits in several Collinsia heterophylla (Plantaginaceae) populations,2012,Lund University Publications Student Papers (Lund University),OPENALEX,Q10,https://openalex.org/W1927699921,,UNSCREENED,,,,,,,,,,,,,,,,,,,,,,,,,,,,
SCHPRISMA-000462,10.25560/5563,Investigations into stability in the fig/ fig-wasp mutualism,2010,Spiral (Imperial College London),OPENALEX,Q12;Q14,https://openalex.org/W2535721997,,UNSCREENED,,,,,,,,,,,,,,,,,,,,,,,,,,,,
SCHPRISMA-000463,,Is bee‐avoidance by bird‐pollinated flowers driven by nectar robbing in Erica?,2025,Apollo (University of Cambridge),OPENALEX,Q04;Q10;Q13,https://openalex.org/W7133281174,,UNSCREENED,,,,,,,,,,,,,,,,,,,,,,,,,,,,
SCHPRISMA-000464,10.1111/1365-2435.70276,Is bee‐avoidance by bird‐pollinated flowers driven by nectar robbing in Erica ?,2026,Functional Ecology,OPENALEX,Q04;Q10;Q13,https://openalex.org/W7130819294,,UNSCREENED,,,,,,,,,,,,,,,,,,,,,,,,,,,,
SCHPRISMA-000465,10.1002/ece3.10630,Is there silicon in flowers and what does it tell us?,2023,Ecology and Evolution,OPENALEX,Q09,https://openalex.org/W4387711023,,UNSCREENED,,,,,,,,,,,,,,,,,,,,,,,,,,,,
SCHPRISMA-000466,10.1093/aob/mcaf016,It’s not easy being green. A commentary on ‘Green flowers need yellow to get noticed in a green world’,2025,Annals of Botany,OPENALEX,Q08,https://openalex.org/W4408140696,,UNSCREENED,,,,,,,,,,,,,,,,,,,,,,,,,,,,
SCHPRISMA-000467,10.1093/aob/mcn221,John Bryant takes a closer look at some of this month's Original Articles,2008,Annals of Botany,OPENALEX,Q01,https://openalex.org/W4256511927,,UNSCREENED,,,,,,,,,,,,,,,,,,,,,,,,,,,,
SCHPRISMA-000468,10.1093/aob/mcp061,John Bryant takes a closer look at some of this month's Original Articles,2009,Annals of Botany,OPENALEX,Q09,https://openalex.org/W4235707693,,UNSCREENED,,,,,,,,,,,,,,,,,,,,,,,,,,,,
SCHPRISMA-000469,10.1038/s41598-024-55344-7,"Lack of pollinators selects for increased selfing, restricted gene flow and resource allocation in the rare Mediterranean sage Salvia brachyodon",2024,Scientific Reports,OPENALEX,Q13,https://openalex.org/W4392297428,,UNSCREENED,,,,,,,,,,,,,,,,,,,,,,,,,,,,
SCHPRISMA-000470,10.7282/t3-kee6-nw69,Landscape and domestication influence multi-trophic interactions in berry systems,2026,Rutgers University Community Repository (Rutgers University),OPENALEX,Q05,https://openalex.org/W7124959449,,UNSCREENED,,,,,,,,,,,,,,,,,,,,,,,,,,,,
SCHPRISMA-000471,10.1016/j.agee.2021.107417,Landscape complexity benefits bumble bee visitation in faba bean (Vicia faba minor L.) but crop productivity is not pollinator-dependent,2021,Agriculture Ecosystems & Environment,OPENALEX,Q13,https://openalex.org/W3150396537,,UNSCREENED,,,,,,,,,,,,,,,,,,,,,,,,,,,,
SCHPRISMA-000472,10.1016/j.agee.2020.107189,"Landscape crop diversity and semi-natural habitat affect crop pollinators, pollination benefit and yield",2020,Agriculture Ecosystems & Environment,OPENALEX,Q13,https://openalex.org/W3094106515,,UNSCREENED,,,,,,,,,,,,,,,,,,,,,,,,,,,,
SCHPRISMA-000473,10.1111/1365-2664.70074,Landscape‐level synergistic and antagonistic effects among conservation measures drive wild bee densities and species richness,2025,Journal of Applied Ecology,OPENALEX,Q10,https://openalex.org/W4411324728,,UNSCREENED,,,,,,,,,,,,,,,,,,,,,,,,,,,,
SCHPRISMA-000474,10.1101/2024.05.30.596697,Latitudinal clines in the phenology of floral display associated with adaptive evolution during a biological invasion,2024,bioRxiv (Cold Spring Harbor Laboratory),OPENALEX,Q08,https://openalex.org/W4399292831,,UNSCREENED,,,,,,,,,,,,,,,,,,,,,,,,,,,,
SCHPRISMA-000475,10.1002/ajb2.70015,Latitudinal clines in the phenology of floral display associated with adaptive evolution during a biological invasion,2025,American Journal of Botany,OPENALEX,Q08,https://openalex.org/W4408287356,,UNSCREENED,,,,,,,,,,,,,,,,,,,,,,,,,,,,
SCHPRISMA-000476,10.1371/journal.pone.0188408,Leaf herbivory imposes fitness costs mediated by hummingbird and insect pollinators,2017,PLoS ONE,OPENALEX,Q01;Q05;Q09;Q10;Q11,https://openalex.org/W2773948018,,UNSCREENED,,,,,,,,,,,,,,,,,,,,,,,,,,,,
SCHPRISMA-000477,10.3389/fpls.2021.791680,Leaf Induction Impacts Behavior and Performance of a Pollinating Herbivore,2021,Frontiers in Plant Science,OPENALEX,Q01;Q05;Q08;Q10,https://openalex.org/W4200463067,,UNSCREENED,,,,,,,,,,,,,,,,,,,,,,,,,,,,
SCHPRISMA-000478,10.1002/ecs2.2459,Legitimate visitors and nectar robbers of Aquilegia formosa have different effects on nectar bacterial communities,2018,Ecosphere,OPENALEX,Q13,https://openalex.org/W2898342007,,UNSCREENED,,,,,,,,,,,,,,,,,,,,,,,,,,,,
SCHPRISMA-000479,10.1002/ajb2.1559,Light availability influences the intensity of nectar robbery and its effects on reproduction in a tropical shrub via multiple pathways,2020,American Journal of Botany,OPENALEX,Q05;Q09;Q10;Q11;Q13,https://openalex.org/W3104024735,,UNSCREENED,,,,,,,,,,,,,,,,,,,,,,,,,,,,
SCHPRISMA-000480,10.1111/jse.12930,Linalool: A ubiquitous floral volatile mediating the communication between plants and insects,2022,Journal of Systematics and Evolution,OPENALEX,Q05,https://openalex.org/W4308578897,,UNSCREENED,,,,,,,,,,,,,,,,,,,,,,,,,,,,
SCHPRISMA-000481,10.1371/journal.pbio.0050031,Linkage Rules for Plant–Pollinator Networks: Trait Complementarity or Exploitation Barriers?,2007,PLoS Biology,OPENALEX,Q07;Q10;Q13,https://openalex.org/W1992923997,,UNSCREENED,,,,,,,,,,,,,,,,,,,,,,,,,,,,
SCHPRISMA-000482,10.25148/etd.fi14052571,Linking herbivory and pollination : costs and selection implications in Centrosema virginianum Bentham (Fabaceae: papilionoideae),2004,,OPENALEX,Q08;Q09;Q12,https://openalex.org/W1873334843,,UNSCREENED,,,,,,,,,,,,,,,,,,,,,,,,,,,,
SCHPRISMA-000483,10.1098/rspb.2018.0635,Linking pollinator efficiency to patterns of pollen limitation: small bees exploit the plant–pollinator mutualism,2018,Proceedings of the Royal Society B Biological Sciences,OPENALEX,Q08,https://openalex.org/W2805366811,,UNSCREENED,,,,,,,,,,,,,,,,,,,,,,,,,,,,
SCHPRISMA-000484,10.53846/goediss-4953,"Local management and landscape context effects on bee pollination, ant seed predation, and yield in Indonesian homegardens",2015,,OPENALEX,Q12,https://openalex.org/W1573358956,,UNSCREENED,,,,,,,,,,,,,,,,,,,,,,,,,,,,
SCHPRISMA-000485,10.1093/aobpla/plx031,Local shifts in floral biotic interactions in habitat edges and their effect on quantity and quality of plant offspring,2017,AoB Plants,OPENALEX,Q08;Q10;Q12;Q13,https://openalex.org/W2725109700,,UNSCREENED,,,,,,,,,,,,,,,,,,,,,,,,,,,,
SCHPRISMA-000486,10.1111/aec.13591,Long corolla flowers in Tropical Andes favour nectar robbing by the Black Metaltail hummingbird: A study using citizen science and field observations,2024,Austral Ecology,OPENALEX,Q13,https://openalex.org/W4402499914,,UNSCREENED,,,,,,,,,,,,,,,,,,,,,,,,,,,,
SCHPRISMA-000487,10.3389/fevo.2021.640143,Long-Term Tree Regeneration of Fragmented Agroforestry Systems Under Varying Climatic Conditions,2021,Frontiers in Ecology and Evolution,OPENALEX,Q12,https://openalex.org/W3134916135,,UNSCREENED,,,,,,,,,,,,,,,,,,,,,,,,,,,,
SCHPRISMA-000488,10.1098/rspb.2018.2501,Loss of top-down biotic interactions changes the relative benefits for obligate mutualists,2019,Proceedings of the Royal Society B Biological Sciences,OPENALEX,Q12,https://openalex.org/W2916089083,,UNSCREENED,,,,,,,,,,,,,,,,,,,,,,,,,,,,
SCHPRISMA-000489,10.3389/fpls.2024.1495112,Maintenance of flower color dimorphism in Ophiorrhiza japonica (Rubiaceae): responses to fluctuating temperatures in a dolomite Karst region,2024,Frontiers in Plant Science,OPENALEX,Q06;Q07;Q08;Q12,https://openalex.org/W4405558795,,UNSCREENED,,,,,,,,,,,,,,,,,,,,,,,,,,,,
SCHPRISMA-000490,10.1111/j.1365-313x.2006.02995.x,Making sense of nectar scents: the effects of nectar secondary metabolites on floral visitors of Nicotiana attenuata,2007,The Plant Journal,OPENALEX,Q01;Q04;Q05;Q10;Q13,https://openalex.org/W2146106193,,UNSCREENED,,,,,,,,,,,,,,,,,,,,,,,,,,,,
SCHPRISMA-000491,10.1007/s44372-025-00359-1,Management reduces floral damage by bees and beetles in Cereus jamacaru DC. (Cactaceae) in the Caatinga dry forest,2025,Discover Plants.,OPENALEX,Q01;Q02;Q08;Q09;Q10,https://openalex.org/W4414508215,,UNSCREENED,,,,,,,,,,,,,,,,,,,,,,,,,,,,
SCHPRISMA-000492,10.1093/jpe/rtv016,Mast fruiting in a hawkmoth-pollinated orchid Habenaria glaucifolia: an 8-year survey,2015,Journal of Plant Ecology,OPENALEX,Q12,https://openalex.org/W2080156833,,UNSCREENED,,,,,,,,,,,,,,,,,,,,,,,,,,,,
SCHPRISMA-000493,10.1590/s1516-89132008000400013,Mating strategies and aggressive combat in wingless neotropical fig wasp males,2008,Brazilian Archives of Biology and Technology,OPENALEX,Q12,https://openalex.org/W2113903316,,UNSCREENED,,,,,,,,,,,,,,,,,,,,,,,,,,,,
SCHPRISMA-000494,10.1890/0012-9658(2000)081[2170:mteopa]2.0.co;2,MEASURING THE EFFECTS OF POLLINATORS AND HERBIVORES: EVIDENCE FOR NON-ADDITIVITY IN A PERENNIAL HERB,2000,Ecology,OPENALEX,Q08;Q12,https://openalex.org/W2100683160,,UNSCREENED,,,,,,,,,,,,,,,,,,,,,,,,,,,,
SCHPRISMA-000495,10.1007/s00425-019-03176-5,Mechanisms in mutualisms: a chemically mediated thrips pollination strategy in common elder,2019,Planta,OPENALEX,Q02;Q10,https://openalex.org/W2944197362,,UNSCREENED,,,,,,,,,,,,,,,,,,,,,,,,,,,,
SCHPRISMA-000496,10.1055/s-0033-1351817,Metabolic engineering of volatile production,2013,Planta Medica,OPENALEX,Q05,https://openalex.org/W2319591892,,UNSCREENED,,,,,,,,,,,,,,,,,,,,,,,,,,,,
SCHPRISMA-000497,10.1093/femsec/fiaa003,"Microbial abundance, composition, and function in nectar are shaped by flower visitor identity",2020,FEMS Microbiology Ecology,OPENALEX,Q10;Q13,https://openalex.org/W2999473507,,UNSCREENED,,,,,,,,,,,,,,,,,,,,,,,,,,,,
SCHPRISMA-000498,10.1007/s00709-018-1269-2,Micromorphological and histochemical attributes of flowers and floral reward in Linaria vulgaris (Plantaginaceae),2018,PROTOPLASMA,OPENALEX,Q01;Q02;Q05;Q09,https://openalex.org/W2807045778,,UNSCREENED,,,,,,,,,,,,,,,,,,,,,,,,,,,,
SCHPRISMA-000499,10.1111/nph.13752,Minding (and bridging) the gap between evolutionary ecology and atmospheric biogeochemistry in a study of plant pollinator behaviour,2015,New Phytologist,OPENALEX,Q01;Q05,https://openalex.org/W2257578294,,UNSCREENED,,,,,,,,,,,,,,,,,,,,,,,,,,,,
SCHPRISMA-000500,10.26786/1920-7603(2026)866,Misconceived experiments may yield valuable insights: Simulated florivory has unpredictable consequences for plant reproduction in Knautia arvensis (Caprifoliaceae),2026,Journal of Pollination Ecology,OPENALEX,Q01;Q02;Q07;Q08,https://openalex.org/W7161844875,,UNSCREENED,,,,,,,,,,,,,,,,,,,,,,,,,,,,
SCHPRISMA-000501,10.1093/aobpla/plaf008,Mixed mating system and intraspecific variation in lizard pollination of Withania frutescens (L.) Pauquy,2025,AoB Plants,OPENALEX,Q09;Q10,https://openalex.org/W4407601339,,UNSCREENED,,,,,,,,,,,,,,,,,,,,,,,,,,,,
SCHPRISMA-000502,10.3389/fpls.2024.1452804,Molecular background of the diverse metabolic profiles in leaves and inflorescences of naked catmint (Nepeta nuda L.),2024,Frontiers in Plant Science,OPENALEX,Q01;Q05,https://openalex.org/W4404834213,,UNSCREENED,,,,,,,,,,,,,,,,,,,,,,,,,,,,
SCHPRISMA-000503,10.12677/br.2016.56024,Molecular Mechanisms and Natural Selection of Flower Color Variation,2016,Botanical Research,OPENALEX,Q01;Q03;Q06;Q07;Q08;Q09;Q10;Q12,https://openalex.org/W2566282601,,UNSCREENED,,,,,,,,,,,,,,,,,,,,,,,,,,,,
SCHPRISMA-000504,10.3389/fpls.2016.00509,Monoterpenol Oxidative Metabolism: Role in Plant Adaptation and Potential Applications,2016,Frontiers in Plant Science,OPENALEX,Q01;Q02,https://openalex.org/W2344833478,,UNSCREENED,,,,,,,,,,,,,,,,,,,,,,,,,,,,
SCHPRISMA-000505,,More than symbioses : orchid ecology ; with examples from the Sydney Region,2013,Publication Server of Goethe University Frankfurt am Main (Goethe University Frankfurt),OPENALEX,Q08,https://openalex.org/W2185378701,,UNSCREENED,,,,,,,,,,,,,,,,,,,,,,,,,,,,
SCHPRISMA-000506,10.1111/j.1420-9101.2010.01989.x,Morph‐specific selection on floral traits in a polymorphic plant,2010,Journal of Evolutionary Biology,OPENALEX,Q01;Q03;Q08;Q09;Q10;Q12,https://openalex.org/W1525944484,,UNSCREENED,,,,,,,,,,,,,,,,,,,,,,,,,,,,
SCHPRISMA-000507,10.1105/tpc.104.030353,Morphogenesis of Flowers—Our Evolving View,2005,The Plant Cell,OPENALEX,Q10,https://openalex.org/W2146243809,,UNSCREENED,,,,,,,,,,,,,,,,,,,,,,,,,,,,
SCHPRISMA-000508,10.14719/pst.7831,"Mosquito-mediated pollination: Exploring sensory cues, plant volatiles and ecological roles",2026,Plant Science Today,OPENALEX,Q01;Q05;Q07,https://openalex.org/W7164863302,,UNSCREENED,,,,,,,,,,,,,,,,,,,,,,,,,,,,
SCHPRISMA-000509,10.24072/pcjournal.279,"Most diverse, most neglected: weevils (Coleoptera: Curculionoidea) are ubiquitous specialized brood-site pollinators of tropical flora",2023,Peer Community Journal,OPENALEX,Q01;Q02;Q03;Q05;Q08;Q10;Q12,https://openalex.org/W4297416188,,UNSCREENED,,,,,,,,,,,,,,,,,,,,,,,,,,,,
SCHPRISMA-000510,,"Moth pollination, low seed set, and vestigialization of attractive floral traits in Abronia umbellata (Nyctaginaceae)",2012,QSpace (Queen's University Library),OPENALEX,Q01;Q05;Q08;Q09;Q10,https://openalex.org/W2555360297,,UNSCREENED,,,,,,,,,,,,,,,,,,,,,,,,,,,,
SCHPRISMA-000511,10.5282/ubm/epub.14654,Multifunctional Bracts in the Dove Tree Davidia involucrata (Nyssaceae:Cornales),2008,The American Naturalist,OPENALEX,Q09;Q10,https://openalex.org/W2149493151,,UNSCREENED,,,,,,,,,,,,,,,,,,,,,,,,,,,,
SCHPRISMA-000512,10.1086/523953,Multifunctional Bracts in the Dove Tree Davidia involucrata (Nyssaceae: Cornales): Rain Protection and Pollinator Attraction,2007,The American Naturalist,OPENALEX,Q10,https://openalex.org/W2174954048,,UNSCREENED,,,,,,,,,,,,,,,,,,,,,,,,,,,,
SCHPRISMA-000513,10.3390/plants15040595,Multifunctional Roles of Extrafloral Nectaries in Shaping Plant–Insect Interactions,2026,Plants,OPENALEX,Q13,https://openalex.org/W7128770012,,UNSCREENED,,,,,,,,,,,,,,,,,,,,,,,,,,,,
SCHPRISMA-000514,10.1111/brv.13060,Multifunctionality of angiosperm floral bracts: a review,2024,Biological reviews/Biological reviews of the Cambridge Philosophical Society,OPENALEX,Q01;Q02;Q03;Q04;Q08;Q12;Q13,https://openalex.org/W4391400595,,UNSCREENED,,,,,,,,,,,,,,,,,,,,,,,,,,,,
SCHPRISMA-000515,10.1007/s10886-020-01239-6,Multiple Attack to Inflorescences of an Annual Plant Does Not Interfere with the Attraction of Parasitoids and Pollinators,2021,Journal of Chemical Ecology,OPENALEX,Q01;Q02;Q05;Q10;Q11,https://openalex.org/W3122395958,,UNSCREENED,,,,,,,,,,,,,,,,,,,,,,,,,,,,
SCHPRISMA-000516,10.1038/srep27616,Multiple functions of volatiles in flowers and leaves of Elsholtzia rugulosa (Lamiaceae) from southwestern China,2016,Scientific Reports,OPENALEX,Q01;Q05;Q08;Q09,https://openalex.org/W2413651346,,UNSCREENED,,,,,,,,,,,,,,,,,,,,,,,,,,,,
SCHPRISMA-000517,10.1002/ecm.1397,Multiple metrics of latitudinal patterns in insect pollination and herbivory for a tropical‐temperate congener pair,2019,Ecological Monographs,OPENALEX,Q08;Q10,https://openalex.org/W2986303930,,UNSCREENED,,,,,,,,,,,,,,,,,,,,,,,,,,,,
SCHPRISMA-000518,10.53846/goediss-4933,Multitrophic interactions along a plant size gradient in Brassicaceae,2015,,OPENALEX,Q01;Q03;Q04;Q09;Q10;Q12;Q13,https://openalex.org/W999047782,,UNSCREENED,,,,,,,,,,,,,,,,,,,,,,,,,,,,
SCHPRISMA-000519,10.53846/goediss-1841,Multitrophic plant insect interactions in dependence of belowground processes,2005,,OPENALEX,Q09;Q10;Q12,https://openalex.org/W4226342827,,UNSCREENED,,,,,,,,,,,,,,,,,,,,,,,,,,,,
SCHPRISMA-000520,10.1002/ece3.74123,Mutualism and Antagonism in a Post‐Extinction Hawaiian Bird–Lobelioid Pollination System,2026,Ecology and Evolution,OPENALEX,Q13,https://openalex.org/W7196986504,,UNSCREENED,,,,,,,,,,,,,,,,,,,,,,,,,,,,
SCHPRISMA-000521,10.7208/chicago/9780226713540.003.0005,Mutualism from Antagonism,2007,,OPENALEX,Q10,https://openalex.org/W4256081356,,UNSCREENED,,,,,,,,,,,,,,,,,,,,,,,,,,,,
SCHPRISMA-000522,10.1098/rstb.2021.0166,Mutualism has its limits: consequences of asymmetric interactions between a well-defended plant and its herbivorous pollinator,2022,Philosophical Transactions of the Royal Society B Biological Sciences,OPENALEX,Q05,https://openalex.org/W4225279546,,UNSCREENED,,,,,,,,,,,,,,,,,,,,,,,,,,,,
SCHPRISMA-000523,10.1073/pnas.1301421110,Mutualists and antagonists drive among-population variation in selection and evolution of floral display in a perennial herb,2013,Proceedings of the National Academy of Sciences,OPENALEX,Q08;Q10;Q12,https://openalex.org/W2013432491,,UNSCREENED,,,,,,,,,,,,,,,,,,,,,,,,,,,,
SCHPRISMA-000524,10.1071/bt23073,"Myrtaceae anther glands: morphology, anatomy and variation in glandular contents",2024,Australian Journal of Botany,OPENALEX,Q08,https://openalex.org/W4392376318,,UNSCREENED,,,,,,,,,,,,,,,,,,,,,,,,,,,,
SCHPRISMA-000525,,Natural Selection By Insect Pollinators and Seed Predators on Floral Head Traits of Helianthus Grosseserratus (Sawtooth Sunflower),2016,UWM Digital Commons (University of Wisconsin–Milwaukee),OPENALEX,Q08;Q09;Q12,https://openalex.org/W2474419083,,UNSCREENED,,,,,,,,,,,,,,,,,,,,,,,,,,,,
SCHPRISMA-000526,10.26786/1920-7603(2024)758,Natural selection by pollinators on floral attractive and defensive traits did not translate into selection via fruits in common milkweed,2024,Journal of Pollination Ecology,OPENALEX,Q01;Q03;Q04;Q05;Q08;Q09;Q10;Q11;Q12;Q13,https://openalex.org/W4393345435,,UNSCREENED,,,,,,,,,,,,,,,,,,,,,,,,,,,,
SCHPRISMA-000527,10.1086/657251,Natural Selection in Plants 151 Years after the Origin:,2010,International Journal of Plant Sciences,OPENALEX,Q08;Q09,https://openalex.org/W2322861450,,UNSCREENED,,,,,,,,,,,,,,,,,,,,,,,,,,,,
SCHPRISMA-000528,10.1111/nph.20157,Natural selection on floral volatiles and other traits can change with snowmelt timing and summer precipitation,2024,New Phytologist,OPENALEX,Q01;Q02;Q03;Q05;Q06;Q08;Q09;Q10;Q12,https://openalex.org/W4402924143,,UNSCREENED,,,,,,,,,,,,,,,,,,,,,,,,,,,,
SCHPRISMA-000529,10.3732/ajb.0900348,"Natural selection on inflorescence color polymorphisms in wild Protea populations: The role of pollinators, seed predators, and intertrait correlations",2010,American Journal of Botany,OPENALEX,Q12,https://openalex.org/W2106162164,,UNSCREENED,,,,,,,,,,,,,,,,,,,,,,,,,,,,
SCHPRISMA-000530,10.4161/psb.4.9.9393,Nectar chemistry is tailored for both attraction of mutualists and protection from exploiters,2009,Plant Signaling & Behavior,OPENALEX,Q01;Q04,https://openalex.org/W2169287124,,UNSCREENED,,,,,,,,,,,,,,,,,,,,,,,,,,,,
SCHPRISMA-000531,10.1111/j.1744-7429.2004.tb00313.x,Nectar in Hummingbird–pollinated Neotropical Plants II: Interactions with Flower Visitors,2004,Biotropica,OPENALEX,Q13,https://openalex.org/W4234822225,,UNSCREENED,,,,,,,,,,,,,,,,,,,,,,,,,,,,
SCHPRISMA-000532,10.1646/03105-q1560,Nectar in Hummingbird-pollinated Neotropical Plants II: Interactions with Flower Visitors1,2004,Biotropica,OPENALEX,Q13,https://openalex.org/W2178506703,,UNSCREENED,,,,,,,,,,,,,,,,,,,,,,,,,,,,
SCHPRISMA-000533,10.3389/fpls.2018.01063,Nectar in Plant–Insect Mutualistic Relationships: From Food Reward to Partner Manipulation,2018,Frontiers in Plant Science,OPENALEX,Q01;Q03;Q04;Q08;Q12;Q13,https://openalex.org/W2883717703,,UNSCREENED,,,,,,,,,,,,,,,,,,,,,,,,,,,,
SCHPRISMA-000534,10.1007/s00248-022-02078-6,Nectar-Inhabiting Bacteria Affect Olfactory Responses of an Insect Parasitoid by Altering Nectar Odors,2022,Microbial Ecology,OPENALEX,Q01;Q05,https://openalex.org/W4289313472,,UNSCREENED,,,,,,,,,,,,,,,,,,,,,,,,,,,,
SCHPRISMA-000535,10.1101/2020.06.10.143909,"Nectar larceny in the trainbearers ( Lesbia , Trochilidae)",2020,bioRxiv (Cold Spring Harbor Laboratory),OPENALEX,Q13,https://openalex.org/W3034985661,,UNSCREENED,,,,,,,,,,,,,,,,,,,,,,,,,,,,
SCHPRISMA-000536,10.1890/15-0858.1,Nectar microbes can reduce secondary metabolites in nectar and alter effects on nectar consumption by pollinators,2016,Ecology,OPENALEX,Q01,https://openalex.org/W2295405899,,UNSCREENED,,,,,,,,,,,,,,,,,,,,,,,,,,,,
SCHPRISMA-000537,10.1111/1442-1984.12446,Nectar robbers and simulated robbing differ in their effects on nectar microbial communities,2024,Plant Species Biology,OPENALEX,Q04,https://openalex.org/W4390950897,,UNSCREENED,,,,,,,,,,,,,,,,,,,,,,,,,,,,
SCHPRISMA-000538,10.1002/ece3.73933,Nectar Robbery by Native and Invasive Bumblebees Reduces Floral Rewards but Not Seed Production in Desfontainia fulgens,2026,Ecology and Evolution,OPENALEX,Q10;Q13,https://openalex.org/W7166545956,,UNSCREENED,,,,,,,,,,,,,,,,,,,,,,,,,,,,
SCHPRISMA-000539,10.15381/rpb.v32i3.30866,Nectar robbery in Campsidium valdivianum: observations on floral morphology and the role of bumblebees and birds in southern Chile,2025,Revista Peruana de Biología,OPENALEX,Q13,https://openalex.org/W4415079374,,UNSCREENED,,,,,,,,,,,,,,,,,,,,,,,,,,,,
SCHPRISMA-000540,10.1111/oik.07556,Nectar robbing and plant reproduction: an interplay of positive and negative effects,2021,Oikos,OPENALEX,Q13,https://openalex.org/W3129041108,,UNSCREENED,,,,,,,,,,,,,,,,,,,,,,,,,,,,
SCHPRISMA-000541,10.1007/s10265-026-01722-3,Nectar robbing as a mechanism of biotic resistance against an invasive plant in the Galápagos Islands,2026,Journal of Plant Research,OPENALEX,Q08;Q09;Q10;Q13,https://openalex.org/W7160916618,,UNSCREENED,,,,,,,,,,,,,,,,,,,,,,,,,,,,
SCHPRISMA-000542,10.1890/0012-9658(1999)080[1703:nrbbrt]2.0.co;2,NECTAR-ROBBING BUMBLE BEES REDUCE THE FITNESS OFIPOMOPSIS AGGREGATA(POLEMONIACEAE),1999,Ecology,OPENALEX,Q01;Q03;Q04;Q08;Q12;Q13,https://openalex.org/W2010983896,,UNSCREENED,,,,,,,,,,,,,,,,,,,,,,,,,,,,
SCHPRISMA-000543,10.1002/ece3.10714,Nectar robbing by bees affects the reproductive fitness of the distylous plant Tirpitzia sinensis (Linaceae),2023,Ecology and Evolution,OPENALEX,Q01;Q04;Q13,https://openalex.org/W4388595741,,UNSCREENED,,,,,,,,,,,,,,,,,,,,,,,,,,,,
SCHPRISMA-000544,10.11609/jott.8023.14.10.22001-22007,"Nectar robbing by bees on the flowers of Volkameria inermis (Lamiaceae) in Coringa Wildlife Sanctuary, Andhra Pradesh, India",2022,Journal of Threatened Taxa,OPENALEX,Q13,https://openalex.org/W4307290976,,UNSCREENED,,,,,,,,,,,,,,,,,,,,,,,,,,,,
SCHPRISMA-000545,10.1111/btp.13319,"Nectar robbing effects on pollinators of a key nectar source plant (Tecoma fulva, Bignoniaceae) in a dry tropical Andean valley",2024,Biotropica,OPENALEX,Q10;Q13,https://openalex.org/W4393196611,,UNSCREENED,,,,,,,,,,,,,,,,,,,,,,,,,,,,
SCHPRISMA-000546,10.1038/s41598-019-44741-y,Nectar robbing in bellflower (Sesamum radiatum) benefited pollinators but unaffected maternal function of plant reproduction,2019,Scientific Reports,OPENALEX,Q13,https://openalex.org/W2948807152,,UNSCREENED,,,,,,,,,,,,,,,,,,,,,,,,,,,,
SCHPRISMA-000547,10.1016/j.rmb.2016.09.004,"Nectar robbing in Collaea cipoensis (Fabaceae), an endemic shrub of the Brazilian rupestrian grasslands",2016,Revista Mexicana de Biodiversidad,OPENALEX,Q10;Q12;Q13,https://openalex.org/W2550869983,,UNSCREENED,,,,,,,,,,,,,,,,,,,,,,,,,,,,
SCHPRISMA-000548,10.1371/journal.pone.0102607,Nectar Robbing Positively Influences the Reproductive Success of Tecomella undulata (Bignoniaceae),2014,PLoS ONE,OPENALEX,Q04,https://openalex.org/W2020406739,,UNSCREENED,,,,,,,,,,,,,,,,,,,,,,,,,,,,
SCHPRISMA-000549,10.1002/ecs2.4077,Nectar robbing rather than pollinator availability constrains reproduction of a bee‐flowered plant at high elevations,2022,Ecosphere,OPENALEX,Q13,https://openalex.org/W4282835713,,UNSCREENED,,,,,,,,,,,,,,,,,,,,,,,,,,,,
SCHPRISMA-000550,10.1111/1365-2745.12166,Nectar thieves influence reproductive fitness by altering behaviour of nectar robbers and legitimate pollinators in C orydalis ambigua ( F umariaceae),2013,Journal of Ecology,OPENALEX,Q07;Q08;Q10;Q13,https://openalex.org/W2019232228,,UNSCREENED,,,,,,,,,,,,,,,,,,,,,,,,,,,,
SCHPRISMA-000551,10.13102/sociobiology.v68i4.7259,Negative effects of ant-plant interaction on pollination: costs of a mutualism,2021,Sociobiology,OPENALEX,Q05;Q08,https://openalex.org/W4200200734,,UNSCREENED,,,,,,,,,,,,,,,,,,,,,,,,,,,,
SCHPRISMA-000552,10.5586/aa.1704,New perspectives in nectar evolution and ecology: simple alimentary reward or a complex multiorganism interaction?,2017,Acta Agrobotanica,OPENALEX,Q01,https://openalex.org/W2601455576,,UNSCREENED,,,,,,,,,,,,,,,,,,,,,,,,,,,,
SCHPRISMA-000553,10.1046/j.1442-1984.1999.00014.x,New Perspectives in Pollination Biology: Floral Fragrances. A day in the life of a linalool molecule: Chemical communication in a plant‐pollinator system. Part 1: Linalool biosynthesis in flowering plants,1999,Plant Species Biology,OPENALEX,Q01;Q05,https://openalex.org/W1974812350,,UNSCREENED,,,,,,,,,,,,,,,,,,,,,,,,,,,,
SCHPRISMA-000554,10.1038/s41598-017-01980-1,Nicotine in floral nectar pharmacologically influences bumblebee learning of floral features,2017,Scientific Reports,OPENALEX,Q01;Q07;Q10,https://openalex.org/W2612918197,,UNSCREENED,,,,,,,,,,,,,,,,,,,,,,,,,,,,
SCHPRISMA-000555,10.1038/s41598-024-52146-9,No evidence for competition over floral resources between winter-active parasitoids and pollinators in agroecosystems,2024,Scientific Reports,OPENALEX,Q10,https://openalex.org/W4391262724,,UNSCREENED,,,,,,,,,,,,,,,,,,,,,,,,,,,,
SCHPRISMA-000556,10.1186/s12898-019-0245-9,No evidence of flowering synchronization upon floral volatiles for a short lived annual plant species: revisiting an appealing hypothesis,2019,BMC Ecology,OPENALEX,Q01;Q02;Q03;Q05;Q08;Q12,https://openalex.org/W2964720645,,UNSCREENED,,,,,,,,,,,,,,,,,,,,,,,,,,,,
SCHPRISMA-000557,10.1002/ajb2.1209,No evidence that seed predators constrain pollinator‐mediated trait evolution in a tropical vine,2019,American Journal of Botany,OPENALEX,Q08;Q10;Q12,https://openalex.org/W2908680321,,UNSCREENED,,,,,,,,,,,,,,,,,,,,,,,,,,,,
SCHPRISMA-000558,10.1111/nph.20060,Nocturnal burst emissions of germacrene D from the open disk florets of pyrethrum flowers induce moths to oviposit on a nonhost and improve pollination success,2024,New Phytologist,OPENALEX,Q05;Q11,https://openalex.org/W4402015396,,UNSCREENED,,,,,,,,,,,,,,,,,,,,,,,,,,,,
SCHPRISMA-000559,10.1007/s10886-016-0688-9,Nocturnal Plant Bugs Use cis-Jasmone to Locate Inflorescences of an Araceae as Feeding and Mating Site,2016,Journal of Chemical Ecology,OPENALEX,Q02,https://openalex.org/W2340824539,,UNSCREENED,,,,,,,,,,,,,,,,,,,,,,,,,,,,
SCHPRISMA-000560,10.24294/th.v4i1.1804,Non-pollinating floral visitors of the Cucurbita genus plants and their relationship with the presence of pollinating bees,2021,Trends in Horticulture,OPENALEX,Q05;Q13,https://openalex.org/W4312457544,,UNSCREENED,,,,,,,,,,,,,,,,,,,,,,,,,,,,
SCHPRISMA-000561,10.1093/oso/9780198570851.003.0007,Non-pollinator agents of selection on floral traits,2006,,OPENALEX,Q10,https://openalex.org/W4388364834,,UNSCREENED,,,,,,,,,,,,,,,,,,,,,,,,,,,,
SCHPRISMA-000562,10.1101/538702,Not all interactions are positive: testing how antagonistic interactions impact the robustness of plant-pollinator networks,2019,bioRxiv (Cold Spring Harbor Laboratory),OPENALEX,Q13,https://openalex.org/W2911928809,,UNSCREENED,,,,,,,,,,,,,,,,,,,,,,,,,,,,
SCHPRISMA-000563,10.1038/s41598-018-35191-z,Novel Insect Florivory Strategy Initiates Autogamy in Unopened Allogamous Flowers,2018,Scientific Reports,OPENALEX,Q08;Q10,https://openalex.org/W2901769319,,UNSCREENED,,,,,,,,,,,,,,,,,,,,,,,,,,,,
SCHPRISMA-000564,10.1002/ece3.8068,Novel nectar robbing negatively affects reproduction in Digitalis purpurea,2021,Ecology and Evolution,OPENALEX,Q10;Q13,https://openalex.org/W3163315994,,UNSCREENED,,,,,,,,,,,,,,,,,,,,,,,,,,,,
SCHPRISMA-000565,10.22541/au.162028592.24138518/v1,Novel nectar robbing negatively affects reproduction in Digitalis purpurea,2021,,OPENALEX,Q10;Q13,https://openalex.org/W4244963952,,UNSCREENED,,,,,,,,,,,,,,,,,,,,,,,,,,,,
SCHPRISMA-000566,10.1093/molbev/msaa300,Odorant Receptors for Detecting Flowering Plant Cues Are Functionally Conserved across Moths and Butterflies,2020,Molecular Biology and Evolution,OPENALEX,Q01;Q05;Q11,https://openalex.org/W3107700078,,UNSCREENED,,,,,,,,,,,,,,,,,,,,,,,,,,,,
SCHPRISMA-000567,10.1002/ecy.2164,On the ecological significance of pollen color: a case study in American trout lily (Erythronium americanum),2018,Ecology,OPENALEX,Q06,https://openalex.org/W2792013500,,UNSCREENED,,,,,,,,,,,,,,,,,,,,,,,,,,,,
SCHPRISMA-000568,10.22541/au.176636716.65953569/v1,Ontogenetic shifts in prey selection by flower-dwelling spiders: implications for spiderling predation on floral exploiters,2025,,OPENALEX,Q10;Q13,https://openalex.org/W7116703747,,UNSCREENED,,,,,,,,,,,,,,,,,,,,,,,,,,,,
SCHPRISMA-000569,10.3732/ajb.0800055,Opportunistic nectar‐feeding birds are effective pollinators of bird‐flowers from Canary Islands: experimental evidence from Isoplexis canariensis (Scrophulariaceae),2008,American Journal of Botany,OPENALEX,Q13,https://openalex.org/W2131480485,,UNSCREENED,,,,,,,,,,,,,,,,,,,,,,,,,,,,
SCHPRISMA-000570,10.1111/j.0014-3820.2004.tb00872.x,OPPOSING NATURAL SELECTION FROM HERBIVORES AND PATHOGENS MAY MAINTAIN FLORAL-COLOR VARIATION IN CLAYTONIA VIRGINICA (PORTULACACEAE),2004,Evolution,OPENALEX,Q06,https://openalex.org/W2142851853,,UNSCREENED,,,,,,,,,,,,,,,,,,,,,,,,,,,,
SCHPRISMA-000571,10.1554/03-477,OPPOSING NATURAL SELECTION FROM HERBIVORES AND PATHOGENS MAY MAINTAIN FLORAL-COLOR VARIATION IN CLAYTONIA VIRGINICA (PORTULACACEAE),2004,Evolution,OPENALEX,Q06,https://openalex.org/W4234569763,,UNSCREENED,,,,,,,,,,,,,,,,,,,,,,,,,,,,
SCHPRISMA-000572,10.1007/s11252-024-01657-4,Optimizing plant species composition of green roofs for ecological functionality and biodiversity conservation,2025,Urban Ecosystems,OPENALEX,Q10,https://openalex.org/W4406215568,,UNSCREENED,,,,,,,,,,,,,,,,,,,,,,,,,,,,
SCHPRISMA-000573,,"Orchidaceae of the State Park of Serra de Caldas Novas, Goiás State, Brazil",2009,LA Referencia (Red Federada de Repositorios Institucionales de Publicaciones Científicas),OPENALEX,Q08,https://openalex.org/W7120712631,,UNSCREENED,,,,,,,,,,,,,,,,,,,,,,,,,,,,
SCHPRISMA-000574,,Ornithophilous understory plant species and their interactions with hummingbirds,2014,LA Referencia (Red Federada de Repositorios Institucionales de Publicaciones Científicas),OPENALEX,Q10;Q13,https://openalex.org/W7120578489,,UNSCREENED,,,,,,,,,,,,,,,,,,,,,,,,,,,,
SCHPRISMA-000575,10.3732/ajb.1700204,Ornithophily for the nonspecialist: Differential pollination efficiency of the Macaronesian island paleoendemic Navaea phoenicea (Malvaceae) by generalist passerines,2017,American Journal of Botany,OPENALEX,Q13,https://openalex.org/W2765880985,,UNSCREENED,,,,,,,,,,,,,,,,,,,,,,,,,,,,
SCHPRISMA-000576,10.1111/plb.70053,Overabundant populations of large wild herbivores disrupt plant–pollinator networks in a Mediterranean ecosystem,2025,Plant Biology,OPENALEX,Q08,https://openalex.org/W4412493926,,UNSCREENED,,,,,,,,,,,,,,,,,,,,,,,,,,,,
SCHPRISMA-000577,10.1038/srep29886,Oviposition by mutualistic seed-consuming pollinators reduces fruit abortion in a recently discovered pollination mutualism,2016,Scientific Reports,OPENALEX,Q09;Q12,https://openalex.org/W2464379123,,UNSCREENED,,,,,,,,,,,,,,,,,,,,,,,,,,,,
SCHPRISMA-000578,10.1088/1748-9326/8/1/014048,Ozone impedes the ability of a herbivore to find its host,2013,Environmental Research Letters,OPENALEX,Q01;Q05,https://openalex.org/W1980568564,,UNSCREENED,,,,,,,,,,,,,,,,,,,,,,,,,,,,
SCHPRISMA-000579,10.1002/ajb2.70150,Paradigm shifts in flower color: An introduction,2026,American Journal of Botany,OPENALEX,Q06,https://openalex.org/W7124877872,,UNSCREENED,,,,,,,,,,,,,,,,,,,,,,,,,,,,
SCHPRISMA-000580,10.3897/phytokeys.225.99506,Parallel developments in floral adaptations to obligate moth pollination mutualism in tribe Phyllantheae (Phyllanthaceae),2023,PhytoKeys,OPENALEX,Q03,https://openalex.org/W4367852110,,UNSCREENED,,,,,,,,,,,,,,,,,,,,,,,,,,,,
SCHPRISMA-000581,10.1002/ecy.70123,Parasites and investment to host inflorescences in a fig tree–fig wasp mutualism,2025,Ecology,OPENALEX,Q12,https://openalex.org/W4411211926,,UNSCREENED,,,,,,,,,,,,,,,,,,,,,,,,,,,,
SCHPRISMA-000582,10.1111/1365-2745.12277,Parasites exert conflicting selection pressures to affect reproductive asynchrony of their host plant in an obligate pollination mutualism,2014,Journal of Ecology,OPENALEX,Q12,https://openalex.org/W2024366708,,UNSCREENED,,,,,,,,,,,,,,,,,,,,,,,,,,,,
SCHPRISMA-000583,10.3390/insects14050437,Parasitism Features of a Fig Wasp of Genus Apocrypta (Pteromalidae: Pteromalinae) Associated with a Host Belonging to Ficus Subgenus Ficus,2023,Insects,OPENALEX,Q12;Q14,https://openalex.org/W4378348441,,UNSCREENED,,,,,,,,,,,,,,,,,,,,,,,,,,,,
SCHPRISMA-000584,,Parsing the Particulars of Pollination: Ecological and Anthropogenic Drivers of Plant and Pollinator Dynamics,2018,Deep Blue (University of Michigan),OPENALEX,Q12,https://openalex.org/W3087906350,,UNSCREENED,,,,,,,,,,,,,,,,,,,,,,,,,,,,
SCHPRISMA-000585,10.12657/denbio.085.0011,Passerine birds supporting cross pollination in Erythrina stricta Roxb.,2021,Dendrobiology,OPENALEX,Q13,https://openalex.org/W3169090098,,UNSCREENED,,,,,,,,,,,,,,,,,,,,,,,,,,,,
SCHPRISMA-000586,,"Past, present and future: Geographic and temporal variation in a fig–fig wasp mutualism",2019,Iowa State University Digital Repository (Iowa State University),OPENALEX,Q12,https://openalex.org/W2985694069,,UNSCREENED,,,,,,,,,,,,,,,,,,,,,,,,,,,,
SCHPRISMA-000587,10.1038/s41396-022-01284-x,Pathogenic fungus uses volatiles to entice male flies into fatal matings with infected female cadavers,2022,The ISME Journal,OPENALEX,Q01;Q05,https://openalex.org/W4285392877,,UNSCREENED,,,,,,,,,,,,,,,,,,,,,,,,,,,,
SCHPRISMA-000588,10.1111/jse.13185,Patterns of change in floral color and odor of Lonicera calcarata are in relation to pollinator behavior,2025,Journal of Systematics and Evolution,OPENALEX,Q06,https://openalex.org/W4410927424,,UNSCREENED,,,,,,,,,,,,,,,,,,,,,,,,,,,,
SCHPRISMA-000589,10.1111/tpj.16133,PbABCG1 and PbABCG2 transporters are required for the emission of floral monoterpenes in Phalaenopsis bellina,2023,The Plant Journal,OPENALEX,Q01;Q05,https://openalex.org/W4319216478,,UNSCREENED,,,,,,,,,,,,,,,,,,,,,,,,,,,,
SCHPRISMA-000590,10.1093/jxb/ery246,PbbHLH4 regulates floral monoterpene biosynthesis in Phalaenopsis orchids,2018,Journal of Experimental Botany,OPENALEX,Q02,https://openalex.org/W2885287294,,UNSCREENED,,,,,,,,,,,,,,,,,,,,,,,,,,,,
SCHPRISMA-000591,10.7287/peerj.4369v0.1/reviews/2,"Peer Review #2 of ""Ants contribute to pollination but not to reproduction in a rare calcareous grassland forb (v0.1)""",2018,,OPENALEX,Q04;Q13,https://openalex.org/W4248681528,,UNSCREENED,,,,,,,,,,,,,,,,,,,,,,,,,,,,
SCHPRISMA-000592,10.7287/peerj.2842v0.1/reviews/3,"Peer Review #3 of ""Taxonomic revision and molecular phylogenetics of the Idarnes incertus species-group (Hymenoptera, Agaonidae, Sycophaginae) (v0.1)""",2017,,OPENALEX,Q12,https://openalex.org/W4236928846,,UNSCREENED,,,,,,,,,,,,,,,,,,,,,,,,,,,,
SCHPRISMA-000593,10.1111/ele.12038,Petuniaflowers solve the defence/apparency dilemma of pollinator attraction by deploying complex floral blends,2012,Ecology Letters,OPENALEX,Q01;Q02;Q05,https://openalex.org/W1966848711,,UNSCREENED,,,,,,,,,,,,,,,,,,,,,,,,,,,,
SCHPRISMA-000594,10.1002/ece3.9766,"Phenotypic divergence of traits that mediate antagonistic and mutualistic interactions between island and continental populations of the tropical plant, Tribulus cistoides (Zygophyllaceae)",2023,Ecology and Evolution,OPENALEX,Q09;Q10,https://openalex.org/W4353096280,,UNSCREENED,,,,,,,,,,,,,,,,,,,,,,,,,,,,
SCHPRISMA-000595,10.1093/aob/mcy193,Phenotypic plasticity of floral volatiles in response to increasing drought stress,2018,Annals of Botany,OPENALEX,Q01;Q03;Q05;Q09;Q12,https://openalex.org/W2898255048,,UNSCREENED,,,,,,,,,,,,,,,,,,,,,,,,,,,,
SCHPRISMA-000596,10.1098/rspb.2025.1182,Phenotypic selection gradients in a tripartite plant interaction in southern South America,2025,Proceedings of the Royal Society B Biological Sciences,OPENALEX,Q05;Q10,https://openalex.org/W4413345247,,UNSCREENED,,,,,,,,,,,,,,,,,,,,,,,,,,,,
SCHPRISMA-000597,10.1002/ece3.3258,Phenotypic selection on flowering phenology and pollination efficiency traits between Primula populations with different pollinator assemblages,2017,Ecology and Evolution,OPENALEX,Q01;Q03;Q04;Q08;Q09;Q10;Q11;Q12;Q13,https://openalex.org/W2750484439,,UNSCREENED,,,,,,,,,,,,,,,,,,,,,,,,,,,,
SCHPRISMA-000598,10.1111/j.1469-8137.2012.04188.x,"Phenotypic selection to increase floral scent emission, but not flower size or colour in bee‐pollinated Penstemon digitalis",2012,New Phytologist,OPENALEX,Q10,https://openalex.org/W2170224934,,UNSCREENED,,,,,,,,,,,,,,,,,,,,,,,,,,,,
SCHPRISMA-000599,10.3390/plants10040815,Phloem-Feeding Herbivores Affect Floral Development and Reproduction in the Etruscan Honeysuckle (Lonicera etrusca Santi),2021,Plants,OPENALEX,Q13,https://openalex.org/W3154715322,,UNSCREENED,,,,,,,,,,,,,,,,,,,,,,,,,,,,
SCHPRISMA-000600,10.1002/ece3.3426,Phytophagous insect oviposition shifts in response to probability of flower abortion owing to the presence of basal fruits,2017,Ecology and Evolution,OPENALEX,Q10,https://openalex.org/W2754993507,,UNSCREENED,,,,,,,,,,,,,,,,,,,,,,,,,,,,
SCHPRISMA-000601,10.1038/s41598-021-02878-9,"Plant age at the time of ozone exposure affects flowering patterns, biotic interactions and reproduction of wild mustard",2021,Scientific Reports,OPENALEX,Q01;Q05,https://openalex.org/W4200526124,,UNSCREENED,,,,,,,,,,,,,,,,,,,,,,,,,,,,
SCHPRISMA-000602,10.3732/ajb.90.2.330,Plant–animal interactions: a somewhat evolutionary approach,2003,American Journal of Botany,OPENALEX,Q12,https://openalex.org/W2110177760,,UNSCREENED,,,,,,,,,,,,,,,,,,,,,,,,,,,,
SCHPRISMA-000603,,Plant-Animal Interactions and Evolution of Floral Display and Flowering Phenology in Arabidopsis lyrata,2007,KTH Publication Database DiVA (KTH Royal Institute of Technology),OPENALEX,Q08,https://openalex.org/W123741951,,UNSCREENED,,,,,,,,,,,,,,,,,,,,,,,,,,,,
SCHPRISMA-000604,,Plant-animal interactions and seed output of two insectpollinated herbs,2005,KTH Publication Database DiVA (KTH Royal Institute of Technology),OPENALEX,Q08,https://openalex.org/W579552767,,UNSCREENED,,,,,,,,,,,,,,,,,,,,,,,,,,,,
SCHPRISMA-000605,10.38001/ijlsb.1069254,Plant Attractants and Rewards for Pollinators: Their Significant to Successful Crop Pollination,2022,International Journal of Life Sciences and Biotechnology,OPENALEX,Q01;Q03;Q05;Q07;Q08;Q10;Q11;Q12,https://openalex.org/W4229364522,,UNSCREENED,,,,,,,,,,,,,,,,,,,,,,,,,,,,
SCHPRISMA-000606,10.1111/j.1469-8137.2009.02796.x,Plant defense: a pre‐adaptation for pollinator shifts,2009,New Phytologist,OPENALEX,Q09;Q10,https://openalex.org/W2096069372,,UNSCREENED,,,,,,,,,,,,,,,,,,,,,,,,,,,,
SCHPRISMA-000607,10.1002/ajb2.1437,"Plant–environment interactions from the lens of plant stress, reproduction, and mutualisms",2020,American Journal of Botany,OPENALEX,Q09,https://openalex.org/W3006346026,,UNSCREENED,,,,,,,,,,,,,,,,,,,,,,,,,,,,
SCHPRISMA-000608,10.1111/nph.12028,"Plant evolutionary ecology: molecular genetics, global warming and invasions, and the novel approaches we are using to study adaptations",2012,New Phytologist,OPENALEX,Q08,https://openalex.org/W2025230530,,UNSCREENED,,,,,,,,,,,,,,,,,,,,,,,,,,,,
SCHPRISMA-000609,,Plant-Herbivore Interactions and Evolutionary Potential of Natural Arabidopsis lyrata Populations,2012,KTH Publication Database DiVA (KTH Royal Institute of Technology),OPENALEX,Q08,https://openalex.org/W110685617,,UNSCREENED,,,,,,,,,,,,,,,,,,,,,,,,,,,,
SCHPRISMA-000610,10.1111/1365-2745.13370,Plant ontogeny determines strength and associated plant fitness consequences of plant‐mediated interactions between herbivores and flower visitors,2020,Journal of Ecology,OPENALEX,Q01;Q02;Q03;Q05;Q10;Q11;Q12,https://openalex.org/W3004859924,,UNSCREENED,,,,,,,,,,,,,,,,,,,,,,,,,,,,
SCHPRISMA-000611,10.1101/2022.02.10.479857,Plant phenotypic plasticity changes pollinator-mediated selection,2022,bioRxiv (Cold Spring Harbor Laboratory),OPENALEX,Q01;Q05;Q08,https://openalex.org/W4211024685,,UNSCREENED,,,,,,,,,,,,,,,,,,,,,,,,,,,,
SCHPRISMA-000612,10.1111/evo.14634,Plant phenotypic plasticity changes pollinator‐mediated selection,2022,Evolution,OPENALEX,Q01;Q05;Q08;Q10;Q11,https://openalex.org/W4306404263,,UNSCREENED,,,,,,,,,,,,,,,,,,,,,,,,,,,,
SCHPRISMA-000613,10.3390/plants14162519,Plant-Pollinator and Plant-Florivore Interactions in Two Savanna Species of Malpighiaceae,2025,Plants,OPENALEX,Q05;Q08;Q10;Q13,https://openalex.org/W4413164642,,UNSCREENED,,,,,,,,,,,,,,,,,,,,,,,,,,,,
SCHPRISMA-000614,10.1002/oik.11650,Plant responses to herbivory shift the contributions of different pollinator taxa to plant reproduction,2026,Oikos,OPENALEX,Q10,https://openalex.org/W7125516870,,UNSCREENED,,,,,,,,,,,,,,,,,,,,,,,,,,,,
SCHPRISMA-000615,10.1371/journal.pone.0135928,"Plant Size as Determinant of Species Richness of Herbivores, Natural Enemies and Pollinators across 21 Brassicaceae Species",2015,PLoS ONE,OPENALEX,Q01;Q10,https://openalex.org/W1901869509,,UNSCREENED,,,,,,,,,,,,,,,,,,,,,,,,,,,,
SCHPRISMA-000616,,"Plants, pests and pollinators: Combining technologies to crack the odour code",2010,Queensland's institutional digital repository (The University of Queensland),OPENALEX,Q05,https://openalex.org/W166564644,,UNSCREENED,,,,,,,,,,,,,,,,,,,,,,,,,,,,
SCHPRISMA-000617,10.14393/ufu.di.2013.77,"Polinização e herbivoria floral no gênero Banisteriopsis (Malpighiaceae) em área de cerrado de Uberlândia, MG",2013,,OPENALEX,Q01;Q02;Q06;Q08,https://openalex.org/W2791920411,,UNSCREENED,,,,,,,,,,,,,,,,,,,,,,,,,,,,
SCHPRISMA-000618,10.1007/s11829-017-9525-5,Pollen and stamen mimicry: the alpine flora as a case study,2017,Arthropod-Plant Interactions,OPENALEX,Q07;Q09;Q11,https://openalex.org/W2606744388,,UNSCREENED,,,,,,,,,,,,,,,,,,,,,,,,,,,,
SCHPRISMA-000619,10.1002/ajb2.1283,Pollen and vegetative secondary chemistry of three pollen‐rewarding lupines,2019,American Journal of Botany,OPENALEX,Q05;Q06,https://openalex.org/W2943633288,,UNSCREENED,,,,,,,,,,,,,,,,,,,,,,,,,,,,
SCHPRISMA-000620,10.1111/plb.13628,"Pollen, anther, stamen, and androecium mimicry",2024,Plant Biology,OPENALEX,Q11,https://openalex.org/W4392166053,,UNSCREENED,,,,,,,,,,,,,,,,,,,,,,,,,,,,
SCHPRISMA-000621,10.1101/2020.08.04.235739,Pollen dispensing schedules in buzz-pollinated plants: Experimental comparison of species with contrasting floral morphologies,2020,bioRxiv (Cold Spring Harbor Laboratory),OPENALEX,Q10,https://openalex.org/W3047042193,,UNSCREENED,,,,,,,,,,,,,,,,,,,,,,,,,,,,
SCHPRISMA-000622,10.1002/ajb2.1680,Pollen dispensing schedules in buzz‐pollinated plants: experimental comparison of species with contrasting floral morphologies,2021,American Journal of Botany,OPENALEX,Q10,https://openalex.org/W3135715979,,UNSCREENED,,,,,,,,,,,,,,,,,,,,,,,,,,,,
SCHPRISMA-000623,10.1139/b08-020,Pollen limitation and cleistogamy in subalpine Viola praemorsa,2008,Botany,OPENALEX,Q08,https://openalex.org/W2114543416,,UNSCREENED,,,,,,,,,,,,,,,,,,,,,,,,,,,,
SCHPRISMA-000624,10.1034/j.1600-0706.2002.970104.x,"Pollen limitation, seed predation and scape length in Primula farinosa",2002,Oikos,OPENALEX,Q08,https://openalex.org/W1989490814,,UNSCREENED,,,,,,,,,,,,,,,,,,,,,,,,,,,,
SCHPRISMA-000625,,"Pollinating insect responses to grazing intensity, grassland characteristics and landscape complexity",2007,Epsilon Open Archive (Sveriges lantbruksuniversitet biblioteket (Swedish University of Agricultural Sciences)),OPENALEX,Q12,https://openalex.org/W1593033844,,UNSCREENED,,,,,,,,,,,,,,,,,,,,,,,,,,,,
SCHPRISMA-000626,10.1101/2025.09.07.674481,Pollination and abiotic stress alter the distribution of variation in floral longevity and opportunities for adaptation,2025,bioRxiv (Cold Spring Harbor Laboratory),OPENALEX,Q10;Q12,https://openalex.org/W4414152112,,UNSCREENED,,,,,,,,,,,,,,,,,,,,,,,,,,,,
SCHPRISMA-000627,10.1098/rspb.2000.1389,Pollination and parasitism in functionally dioecious figs,2001,Proceedings of the Royal Society B Biological Sciences,OPENALEX,Q12,https://openalex.org/W2026631869,,UNSCREENED,,,,,,,,,,,,,,,,,,,,,,,,,,,,
SCHPRISMA-000628,10.1111/j.1469-8137.2008.02709.x,Pollination and plant defence traits co‐vary in Western Australian Hakeas,2008,New Phytologist,OPENALEX,Q10;Q13,https://openalex.org/W2068864655,,UNSCREENED,,,,,,,,,,,,,,,,,,,,,,,,,,,,
SCHPRISMA-000629,10.3732/ajb.1000306,Pollination and protection against herbivory of Nepalese Coelogyninae (Orchidaceae),2011,American Journal of Botany,OPENALEX,Q12,https://openalex.org/W2158447048,,UNSCREENED,,,,,,,,,,,,,,,,,,,,,,,,,,,,
SCHPRISMA-000630,10.1111/j.1469-8137.2005.01619.x,Pollination and seed predation by moths on Silene and allied Caryophyllaceae: evaluating a model system to study the evolution of mutualisms,2005,New Phytologist,OPENALEX,Q10;Q12,https://openalex.org/W2052845167,,UNSCREENED,,,,,,,,,,,,,,,,,,,,,,,,,,,,
SCHPRISMA-000631,10.1007/s00606-018-1543-y,Pollination biology and breeding system in five nocturnal species of Oenothera (Onagraceae): reproductive assurance and opportunities for outcrossing,2018,Plant Systematics and Evolution,OPENALEX,Q05,https://openalex.org/W2893074675,,UNSCREENED,,,,,,,,,,,,,,,,,,,,,,,,,,,,
SCHPRISMA-000632,10.1071/bt23110,"Pollination by multiple species of nectar foraging Hymenoptera in Prasophyllum innubum, a critically endangered orchid of the Australian Alps",2024,Australian Journal of Botany,OPENALEX,Q01;Q02;Q05;Q08,https://openalex.org/W4400403118,,UNSCREENED,,,,,,,,,,,,,,,,,,,,,,,,,,,,
SCHPRISMA-000633,10.26786/1920-7603(2015)18,Pollination ecology and floral visitor spectrum of turtlehead (Chelone glabra L.; Plantaginaceae),2015,Journal of Pollination Ecology,OPENALEX,Q10;Q12,https://openalex.org/W2266061592,,UNSCREENED,,,,,,,,,,,,,,,,,,,,,,,,,,,,
SCHPRISMA-000634,,Pollination ecology and mating system of Solanum rostratum (Solanaceae) in North America,2013,Stirling Online Research Repository (University of Stirling),OPENALEX,Q10,https://openalex.org/W1537851581,,UNSCREENED,,,,,,,,,,,,,,,,,,,,,,,,,,,,
SCHPRISMA-000635,10.53846/goediss-4420,Pollination ecology and spatial genetic population structure of wild and cultivated species of cacao (Theobroma) in Bolivia,2014,,OPENALEX,Q09,https://openalex.org/W763812443,,UNSCREENED,,,,,,,,,,,,,,,,,,,,,,,,,,,,
SCHPRISMA-000636,10.26786/1920-7603(2011)1,Pollination ecology in the 21st Century: Key questions for future research,2011,Journal of Pollination Ecology,OPENALEX,Q01;Q02;Q03;Q04;Q05;Q09;Q10;Q12;Q13,https://openalex.org/W2119773059,,UNSCREENED,,,,,,,,,,,,,,,,,,,,,,,,,,,,
SCHPRISMA-000637,10.11609/jott.2276.8.5.8777-8787,"Pollination ecology of Clerodendrum inerme (L.) Gaertn. (Lamiaceae) in Coringa mangrove ecosystem, Andhra Pradesh, India",2016,Journal of Threatened Taxa,OPENALEX,Q13,https://openalex.org/W2399135742,,UNSCREENED,,,,,,,,,,,,,,,,,,,,,,,,,,,,
SCHPRISMA-000638,10.1139/cjb-2018-0217,Pollination elicits an accelerated reduction in nocturnal scent emission by flowers of the dioecious herb Silene latifolia,2019,Botany,OPENALEX,Q01;Q03;Q06;Q07;Q08;Q09;Q10;Q11;Q12,https://openalex.org/W2955840618,,UNSCREENED,,,,,,,,,,,,,,,,,,,,,,,,,,,,
SCHPRISMA-000639,10.25148/etd.fi15032131,"Pollination, Herbivory, and Habitat Fragmentation: Their Effects on the Reproductive Fitness of Angadenia berteroi, a Native Perennial Plant of the South Florida Pine Rocklands",2015,,OPENALEX,Q08,https://openalex.org/W606248887,,UNSCREENED,,,,,,,,,,,,,,,,,,,,,,,,,,,,
SCHPRISMA-000640,10.1111/j.1469-8137.2006.01656.x,Pollination mutualisms in Caryophyllaceae,2006,New Phytologist,OPENALEX,Q03;Q10;Q12,https://openalex.org/W2083644587,,UNSCREENED,,,,,,,,,,,,,,,,,,,,,,,,,,,,
SCHPRISMA-000641,10.1111/j.1558-5646.2009.00730.x,POLLINATION SYNDROMES AND THE EVOLUTION OF FLORAL DIVERSITY INIOCHROMA(SOLANACEAE),2009,Evolution,OPENALEX,Q10;Q13,https://openalex.org/W2024301497,,UNSCREENED,,,,,,,,,,,,,,,,,,,,,,,,,,,,
SCHPRISMA-000642,10.1007/s10886-007-9337-7,Pollinator and Herbivore Attraction to Cucurbita Floral Volatiles,2007,Journal of Chemical Ecology,OPENALEX,Q05;Q10,https://openalex.org/W1964599850,,UNSCREENED,,,,,,,,,,,,,,,,,,,,,,,,,,,,
SCHPRISMA-000643,10.53846/goediss-1706,Pollinator communities and plant-pollinator interactions in fragmented calcareous grasslands,2007,,OPENALEX,Q12,https://openalex.org/W1521905521,,UNSCREENED,,,,,,,,,,,,,,,,,,,,,,,,,,,,
SCHPRISMA-000644,10.22541/au.166687988.89704352/v1,Pollinator competition and the structure of floral resources,2022,,OPENALEX,Q01;Q02;Q05,https://openalex.org/W4307526814,,UNSCREENED,,,,,,,,,,,,,,,,,,,,,,,,,,,,
SCHPRISMA-000645,10.1111/ecog.06651,Pollinator competition and the structure of floral resources,2023,Ecography,OPENALEX,Q01;Q02;Q05,https://openalex.org/W4383816818,,UNSCREENED,,,,,,,,,,,,,,,,,,,,,,,,,,,,
SCHPRISMA-000646,10.3184/003685018x15202512854527,Pollinator Decline – An Ecological Calamity in the Making?,2018,Science Progress,OPENALEX,Q01,https://openalex.org/W2808469394,,UNSCREENED,,,,,,,,,,,,,,,,,,,,,,,,,,,,
SCHPRISMA-000647,,Pollinator declines select for floral traits that facilitate selfing in Impatiens capensis,2018,The Atrium (University of Guelph),OPENALEX,Q08;Q09;Q12,https://openalex.org/W2896835746,,UNSCREENED,,,,,,,,,,,,,,,,,,,,,,,,,,,,
SCHPRISMA-000648,10.1002/ajb2.70142,"Pollinator, herbivore, and climatic selective pressures differ across a floral color transition zone",2025,American Journal of Botany,OPENALEX,Q06;Q08,https://openalex.org/W4417447151,,UNSCREENED,,,,,,,,,,,,,,,,,,,,,,,,,,,,
SCHPRISMA-000649,10.1111/j.1469-8137.2010.03296.x,"Pollinator‐mediated selection on floral display, spur length and flowering phenology in the deceptive orchid Dactylorhiza lapponica",2010,New Phytologist,OPENALEX,Q08;Q10;Q12,https://openalex.org/W2111143928,,UNSCREENED,,,,,,,,,,,,,,,,,,,,,,,,,,,,
SCHPRISMA-000650,10.1002/ece3.3683,Pollinator‐mediated selection on floral size and tube color inLinum pubescens: Can differential behavior and preference in different times of the day maintain dimorphism?,2017,Ecology and Evolution,OPENALEX,Q10,https://openalex.org/W2780691752,,UNSCREENED,,,,,,,,,,,,,,,,,,,,,,,,,,,,
SCHPRISMA-000651,10.1038/s41598-017-13340-0,Pollinator-mediated selection on flowering phenology and floral display in a distylous herb Primula alpicola,2017,Scientific Reports,OPENALEX,Q08;Q09;Q10;Q12,https://openalex.org/W2761463009,,UNSCREENED,,,,,,,,,,,,,,,,,,,,,,,,,,,,
SCHPRISMA-000652,10.1002/ece3.4989,Pollinator parasites and the evolution of floral traits,2019,Ecology and Evolution,OPENALEX,Q01;Q02;Q04;Q10;Q11;Q13,https://openalex.org/W2945604397,,UNSCREENED,,,,,,,,,,,,,,,,,,,,,,,,,,,,
SCHPRISMA-000653,10.3389/fpls.2022.927498,Pollinator sharing between reproductively isolated genetic lineages of Silene nutans,2022,Frontiers in Plant Science,OPENALEX,Q01;Q03;Q08;Q12,https://openalex.org/W4307052078,,UNSCREENED,,,,,,,,,,,,,,,,,,,,,,,,,,,,
SCHPRISMA-000654,10.1093/aob/mcae075,Pollinator shift ensures reproductive success in a camouflaged alpine plant,2024,Annals of Botany,OPENALEX,Q01;Q04;Q05;Q07;Q10;Q13,https://openalex.org/W4396777901,,UNSCREENED,,,,,,,,,,,,,,,,,,,,,,,,,,,,
SCHPRISMA-000655,10.6082/frcaj-f6343,"Pollinator Shifts, Floral Evolution, and Speciation in Aeschynanthus (Gesneriaceae)",2025,University of Chicago,OPENALEX,Q10,https://openalex.org/W7167789830,,UNSCREENED,,,,,,,,,,,,,,,,,,,,,,,,,,,,
SCHPRISMA-000656,10.6082/uchicago.16585,"Pollinator Shifts, Floral Evolution, and Speciation in Aeschynanthus (Gesneriaceae)",2025,University of Chicago,OPENALEX,Q10,https://openalex.org/W7105995201,,UNSCREENED,,,,,,,,,,,,,,,,,,,,,,,,,,,,
SCHPRISMA-000657,10.1080/03014223.1985.10428309,Pollinator visits to floral colour phases of Fuchsia excorticata,1985,New Zealand Journal of Zoology,OPENALEX,Q13,https://openalex.org/W2054780050,,UNSCREENED,,,,,,,,,,,,,,,,,,,,,,,,,,,,
SCHPRISMA-000658,10.1111/j.1600-0706.2013.20780.x,Pollinators and seed predators generate conflicting selection on Dalechampia blossoms,2013,Oikos,OPENALEX,Q10,https://openalex.org/W2062607213,,UNSCREENED,,,,,,,,,,,,,,,,,,,,,,,,,,,,
SCHPRISMA-000659,10.1111/j.1469-8137.2011.04013.x,Pollinators cause stronger selection than herbivores on floral traits inLobelia cardinalis(Lobeliaceae),2012,New Phytologist,OPENALEX,Q08;Q09;Q10;Q12,https://openalex.org/W2143850439,,UNSCREENED,,,,,,,,,,,,,,,,,,,,,,,,,,,,
SCHPRISMA-000660,10.1111/j.1469-8137.2010.03410.x,Pollinators exert natural selection on flower size and floral display in Penstemon digitalis,2010,New Phytologist,OPENALEX,Q08;Q09,https://openalex.org/W2030029077,,UNSCREENED,,,,,,,,,,,,,,,,,,,,,,,,,,,,
SCHPRISMA-000661,10.1002/ajb2.16101,"Pollinators exert selection on floral traits in a pollen‐limited, narrowly endemic spring ephemeral",2022,American Journal of Botany,OPENALEX,Q01;Q02;Q03;Q06;Q08;Q09;Q10;Q12,https://openalex.org/W4308891420,,UNSCREENED,,,,,,,,,,,,,,,,,,,,,,,,,,,,
SCHPRISMA-000662,10.3732/ajb.0800362,"Pollinators, “mustard oil” volatiles, and fruit production in flowers of the dioecious tree Drypetes natalensis (Putranjivaceae)",2009,American Journal of Botany,OPENALEX,Q01,https://openalex.org/W2132450037,,UNSCREENED,,,,,,,,,,,,,,,,,,,,,,,,,,,,
SCHPRISMA-000663,10.1111/plb.12581,"Pollinators shift to nectar robbers when florivory occurs, with effects on reproductive success in Iris bulleyana (Iridaceae)",2017,Plant Biology,OPENALEX,Q05;Q08;Q10;Q13,https://openalex.org/W2616217046,,UNSCREENED,,,,,,,,,,,,,,,,,,,,,,,,,,,,
SCHPRISMA-000664,,Population differentiation and phenotypic selection in natural populations of Arabidopsis lyrata,2007,,OPENALEX,Q08,https://openalex.org/W616449081,,UNSCREENED,,,,,,,,,,,,,,,,,,,,,,,,,,,,
SCHPRISMA-000665,10.1093/molbev/msm053,Positive Selection for Single Amino Acid Change Promotes Substrate Discrimination of a Plant Volatile-Producing Enzyme,2007,Molecular Biology and Evolution,OPENALEX,Q01,https://openalex.org/W2066152984,,UNSCREENED,,,,,,,,,,,,,,,,,,,,,,,,,,,,
SCHPRISMA-000666,10.1007/s10886-006-9113-0,Postpollination Changes in Floral Odor in Silene latifolia: Adaptive Mechanisms for Seed-Predator Avoidance?,2006,Journal of Chemical Ecology,OPENALEX,Q01;Q03;Q10;Q12,https://openalex.org/W2016752659,,UNSCREENED,,,,,,,,,,,,,,,,,,,,,,,,,,,,
SCHPRISMA-000667,10.1890/0012-9623(2008)89[481:pteaeo]2.0.co;2,Pre-meeting Conference; The Ecology and Evolution of Plant–Pollinator Interactions,2008,Bulletin of the Ecological Society of America,OPENALEX,Q13,https://openalex.org/W2032176315,,UNSCREENED,,,,,,,,,,,,,,,,,,,,,,,,,,,,
SCHPRISMA-000668,10.22541/au.161597404.44840265/v3,Predicting distributions of Wolbachia strains through host ecological contact -- who's manipulating whom?,2021,,OPENALEX,Q01,https://openalex.org/W3136981703,,UNSCREENED,,,,,,,,,,,,,,,,,,,,,,,,,,,,
SCHPRISMA-000669,10.1111/j.1469-8137.2008.02354.x,Predicting evolutionary consequences of pollinator declines: the long and short of floral evolution,2008,New Phytologist,OPENALEX,Q06;Q09,https://openalex.org/W1998579996,,UNSCREENED,,,,,,,,,,,,,,,,,,,,,,,,,,,,
SCHPRISMA-000670,10.1093/aob/mci094,Preferences of Pollinators and Herbivores in Gynodioecious Geranium sylvaticum,2005,Annals of Botany,OPENALEX,Q09,https://openalex.org/W2117873868,,UNSCREENED,,,,,,,,,,,,,,,,,,,,,,,,,,,,
SCHPRISMA-000671,10.1093/aobpla/ply033,Presence of fruits decreases probability of retaining flowers in a sequentially flowering plant,2018,AoB Plants,OPENALEX,Q08;Q09,https://openalex.org/W2804627969,,UNSCREENED,,,,,,,,,,,,,,,,,,,,,,,,,,,,
SCHPRISMA-000672,10.1590/s1519-69842002000200021,Protection of Vochysia elliptica (Vochysiaceae) by a nectar-thieving ant,2002,Brazilian Journal of Biology,OPENALEX,Q01,https://openalex.org/W2072444692,,UNSCREENED,,,,,,,,,,,,,,,,,,,,,,,,,,,,
SCHPRISMA-000673,10.1111/eva.13201,Proximity to crop relatives determines some patterns of natural selection in a wild sunflower,2021,Evolutionary Applications,OPENALEX,Q10,https://openalex.org/W3127199433,,UNSCREENED,,,,,,,,,,,,,,,,,,,,,,,,,,,,
SCHPRISMA-000674,,"QUANTIFYING CONTEXT-DEPENDENT OUTCOMES OF THE INTERACTION BETWEEN SILENE STELLATA (CARYOPHYLLACEAE) AND ITS POLLINATING SEED PREDATOR, HADENA ECTYPA (NOCTUIDAE), A POTENTIAL MUTUALIST",2012,University Libraries (University of Maryland),OPENALEX,Q08;Q09;Q10;Q12,https://openalex.org/W7113477583,,UNSCREENED,,,,,,,,,,,,,,,,,,,,,,,,,,,,
SCHPRISMA-000675,10.1093/aobpla/plv019,Rainwater in cupulate bracts repels seed herbivores in a bumblebee-pollinated subalpine flower,2015,AoB Plants,OPENALEX,Q09;Q10;Q12;Q13,https://openalex.org/W2159420147,,UNSCREENED,,,,,,,,,,,,,,,,,,,,,,,,,,,,
SCHPRISMA-000676,10.1101/079947,Rapid Floral and Pitcher Scent Diversification in Carnivorous Pitcher Plants (Sarraceniaceae),2016,bioRxiv (Cold Spring Harbor Laboratory),OPENALEX,Q01;Q05;Q10,https://openalex.org/W2530592078,,UNSCREENED,,,,,,,,,,,,,,,,,,,,,,,,,,,,
SCHPRISMA-000677,10.3389/fpls.2022.835305,Real-Time Visualization of Scent Accumulation Reveals the Frequency of Floral Scent Emissions,2022,Frontiers in Plant Science,OPENALEX,Q01;Q05,https://openalex.org/W4224127897,,UNSCREENED,,,,,,,,,,,,,,,,,,,,,,,,,,,,
SCHPRISMA-000678,10.3732/ajb.94.3.419,Relative pollination effectiveness of floral visitors of Pitcairnia angustifolia (Bromeliaceae),2007,American Journal of Botany,OPENALEX,Q13,https://openalex.org/W2084756306,,UNSCREENED,,,,,,,,,,,,,,,,,,,,,,,,,,,,
SCHPRISMA-000679,10.5091/plecevo.84464,Reproductive biology and flower-visitor interactions of two bromeliad species from the Brazilian Atlantic Forest,2022,Plant Ecology and Evolution,OPENALEX,Q01;Q04;Q10;Q13,https://openalex.org/W4220842336,,UNSCREENED,,,,,,,,,,,,,,,,,,,,,,,,,,,,
SCHPRISMA-000680,,Reproductive biology and mating system of Banksia tricuspis (Proteaceae),1997,eSpace (Curtin University),OPENALEX,Q08,https://openalex.org/W2282638572,,UNSCREENED,,,,,,,,,,,,,,,,,,,,,,,,,,,,
SCHPRISMA-000681,,"Reproductive Biology, Mating System, and Population Genetics of Devil Flower: An Autonomous Selfing Plant with Showy Floral Display",2007,,OPENALEX,Q08,https://openalex.org/W2411963874,,UNSCREENED,,,,,,,,,,,,,,,,,,,,,,,,,,,,
SCHPRISMA-000682,10.4102/koedoe.v61i1.1512,"Reproductive biology of the sausage tree (Kigelia africana) in Kruger National Park, South Africa",2019,Koedoe,OPENALEX,Q01,https://openalex.org/W2942093659,,UNSCREENED,,,,,,,,,,,,,,,,,,,,,,,,,,,,
SCHPRISMA-000683,10.5772/intechopen.100640,Reproductive Ecology of Forage Alfalfa (Medicago sativaL.): Recent Advances,2021,IntechOpen eBooks,OPENALEX,Q13,https://openalex.org/W3211784801,,UNSCREENED,,,,,,,,,,,,,,,,,,,,,,,,,,,,
SCHPRISMA-000684,10.26786/1920-7603(2026)909,Reproductive ecology of the aromatic plant Agastache mexicana (Lamiaceae): A valuable species to be used in urban pollinator gardens,2026,Journal of Pollination Ecology,OPENALEX,Q09;Q10;Q13,https://openalex.org/W7166358630,,UNSCREENED,,,,,,,,,,,,,,,,,,,,,,,,,,,,
SCHPRISMA-000685,10.3354/esr00291,Reproductive ecology of the western silvery aster Symphyotrichum sericeum in Canada,2010,Endangered Species Research,OPENALEX,Q12,https://openalex.org/W2095059307,,UNSCREENED,,,,,,,,,,,,,,,,,,,,,,,,,,,,
SCHPRISMA-000686,10.1111/1365-2435.12004,Reproductive escape: annual plant responds to butterfly eggs by accelerating seed production,2012,Functional Ecology,OPENALEX,Q01;Q05;Q06,https://openalex.org/W2097281190,,UNSCREENED,,,,,,,,,,,,,,,,,,,,,,,,,,,,
SCHPRISMA-000687,10.1111/evo.13546,Reproductive isolation in alpine gingers: How do coexisting Roscoea ( R. purpurea and R. tumjensis ) conserve species integrity?,2018,Evolution,OPENALEX,Q13,https://openalex.org/W2890319208,,UNSCREENED,,,,,,,,,,,,,,,,,,,,,,,,,,,,
SCHPRISMA-000688,10.1111/1442-1984.12406,Reproductive phenology of critical native plant species for mineland restoration in the eastern Amazon,2023,Plant Species Biology,OPENALEX,Q12,https://openalex.org/W4328127118,,UNSCREENED,,,,,,,,,,,,,,,,,,,,,,,,,,,,
SCHPRISMA-000689,10.7751/telopea8127,Reproductive success and pollination of the Tuncurry Midge Orchid (Genoplesium littorale) (Orchidaceae) by Chloropid Flies,2015,Telopea,OPENALEX,Q01,https://openalex.org/W1997666809,,UNSCREENED,,,,,,,,,,,,,,,,,,,,,,,,,,,,
SCHPRISMA-000690,10.15517/rbt.v63i2.14160,"Reproductive success of Cabralea canjerana (Meliaceae) in Atlantic forest fragments, Brazil",2015,Revista de Biología Tropical,OPENALEX,Q12,https://openalex.org/W2134604137,,UNSCREENED,,,,,,,,,,,,,,,,,,,,,,,,,,,,
SCHPRISMA-000691,10.1111/plb.70209,Resilience of floral scent emission after florivory,2026,Plant Biology,OPENALEX,Q01;Q02;Q05;Q06;Q10;Q11,https://openalex.org/W7140329894,,UNSCREENED,,,,,,,,,,,,,,,,,,,,,,,,,,,,
SCHPRISMA-000692,10.1093/botlinnean/boad079,"Resilience to summer bushfire in the threatened orchid, Caladenia tessellata, in terms of pollination success, herbivory, and mycorrhizal associations",2024,Botanical Journal of the Linnean Society,OPENALEX,Q05;Q08,https://openalex.org/W4391993920,,UNSCREENED,,,,,,,,,,,,,,,,,,,,,,,,,,,,
SCHPRISMA-000693,,Resource allocation for acorn production: A comparison across species pairs of oaks with contrasting acorn production patterns and water use strategies,2017,Lincoln (University of Nebraska),OPENALEX,Q12,https://openalex.org/W2771138931,,UNSCREENED,,,,,,,,,,,,,,,,,,,,,,,,,,,,
SCHPRISMA-000694,10.1371/journal.pbio.0060122,Resource Heterogeneity Moderates the Biodiversity-Function Relationship in Real World Ecosystems,2008,PLoS Biology,OPENALEX,Q08,https://openalex.org/W2140404589,,UNSCREENED,,,,,,,,,,,,,,,,,,,,,,,,,,,,
SCHPRISMA-000695,10.1111/aen.12629,Review of the chemical ecology of homoterpenes in arthropod–plant interactions,2023,Austral Entomology,OPENALEX,Q01;Q02;Q05;Q10,https://openalex.org/W4319791835,,UNSCREENED,,,,,,,,,,,,,,,,,,,,,,,,,,,,
SCHPRISMA-000696,10.1093/biolinnean/blae086,Revisiting ant-plant-pollinator interactions: plant fitness depends on mutualist identity,2024,Biological Journal of the Linnean Society,OPENALEX,Q12,https://openalex.org/W4402966119,,UNSCREENED,,,,,,,,,,,,,,,,,,,,,,,,,,,,
SCHPRISMA-000697,10.1111/jen.13392,Rocksitter Flies (Lauxaniidae: Cestrotus) are Key‐Pollinators of Ceropegia pulchellior —A Threatened and Localised South African Endemic With Foetid‐Scented Flowers,2024,Journal of Applied Entomology,OPENALEX,Q01;Q05,https://openalex.org/W4405882138,,UNSCREENED,,,,,,,,,,,,,,,,,,,,,,,,,,,,
SCHPRISMA-000698,10.1111/j.1365-313x.2011.04515.x,Role of aromatic aldehyde synthase in wounding/herbivory response and flower scent production in different Arabidopsis ecotypes,2011,The Plant Journal,OPENALEX,Q01;Q05,https://openalex.org/W2113877382,,UNSCREENED,,,,,,,,,,,,,,,,,,,,,,,,,,,,
SCHPRISMA-000699,10.1093/cz/zoy099,Role of conspecifics and personal experience on behavioral avoidance of contaminated flowers by bumblebees,2018,Current Zoology,OPENALEX,Q02;Q04;Q13,https://openalex.org/W2903995078,,UNSCREENED,,,,,,,,,,,,,,,,,,,,,,,,,,,,
SCHPRISMA-000700,10.1111/1365-2745.12464,Root herbivory indirectly affects above‐ and below‐ground community members and directly reduces plant performance,2015,Journal of Ecology,OPENALEX,Q09,https://openalex.org/W1917181205,,UNSCREENED,,,,,,,,,,,,,,,,,,,,,,,,,,,,
SCHPRISMA-000701,,"Roślinne substancje lotne - budowa, biosynteza i rola w oddziaływaniach środowiskowych",2015,,OPENALEX,Q05,https://openalex.org/W2527642292,,UNSCREENED,,,,,,,,,,,,,,,,,,,,,,,,,,,,
SCHPRISMA-000702,10.1590/0102-33062020abb0408,Safe sex: ant defense does not interfere with pollination in passion flowers,2021,Acta Botanica Brasilica,OPENALEX,Q05;Q09,https://openalex.org/W3204893162,,UNSCREENED,,,,,,,,,,,,,,,,,,,,,,,,,,,,
SCHPRISMA-000703,10.1111/j.1469-8137.2011.04035.x,Safe sex in plants,2012,New Phytologist,OPENALEX,Q05;Q13,https://openalex.org/W1957174883,,UNSCREENED,,,,,,,,,,,,,,,,,,,,,,,,,,,,
SCHPRISMA-000704,,Samspelet mellan växter och djur och evolution av blommor och blomningstid hos strandtrav,2007,KTH Publication Database DiVA (KTH Royal Institute of Technology),OPENALEX,Q08,https://openalex.org/W7111512265,,UNSCREENED,,,,,,,,,,,,,,,,,,,,,,,,,,,,
SCHPRISMA-000705,10.1111/j.1523-1739.2006.00593.x,"Scale‐Dependent Effects of Habitat Fragmentation on Hawthorn Pollination, Frugivory, and Seed Predation",2006,Conservation Biology,OPENALEX,Q12,https://openalex.org/W2027282032,,UNSCREENED,,,,,,,,,,,,,,,,,,,,,,,,,,,,
SCHPRISMA-000706,10.1002/9780470015902.a0000909.pub2,Secondary Metabolites: Attracting Pollinators,2019,Encyclopedia of Life Sciences,OPENALEX,Q02;Q03;Q04,https://openalex.org/W2939159493,,UNSCREENED,,,,,,,,,,,,,,,,,,,,,,,,,,,,
SCHPRISMA-000707,10.1007/s10646-023-02720-0,Seed treatment with clothianidin induces changes in plant metabolism and alters pollinator foraging preferences,2023,Ecotoxicology,OPENALEX,Q05;Q08;Q09,https://openalex.org/W4389428129,,UNSCREENED,,,,,,,,,,,,,,,,,,,,,,,,,,,,
SCHPRISMA-000708,10.1111/jse.12908,Selection to attract pollinators and to confuse antagonists specializes fig–pollinator chemical communications,2022,Journal of Systematics and Evolution,OPENALEX,Q01;Q05;Q11,https://openalex.org/W4289948526,,UNSCREENED,,,,,,,,,,,,,,,,,,,,,,,,,,,,
SCHPRISMA-000709,10.1111/j.1420-9101.2008.01669.x,Selective nectar robbing in a gynodioecious plant (Glechoma longituba) enhances female advantage,2008,Journal of Evolutionary Biology,OPENALEX,Q09;Q10;Q12;Q13,https://openalex.org/W2022629354,,UNSCREENED,,,,,,,,,,,,,,,,,,,,,,,,,,,,
SCHPRISMA-000710,10.1371/journal.pone.0132522,Selective Pressures Explain Differences in Flower Color among Gentiana lutea Populations,2015,PLoS ONE,OPENALEX,Q06;Q10;Q12,https://openalex.org/W862945032,,UNSCREENED,,,,,,,,,,,,,,,,,,,,,,,,,,,,
SCHPRISMA-000711,10.1111/j.1469-8137.2011.03785.x,Selective seed abortion induced by nectar robbing in the selfing plant Comastoma pulmonarium,2011,New Phytologist,OPENALEX,Q13,https://openalex.org/W2101437210,,UNSCREENED,,,,,,,,,,,,,,,,,,,,,,,,,,,,
SCHPRISMA-000712,,Selenium Accumulation in Brassicaceae Plant Species and its Biotransfer to Insect Pollinators,2012,eScholarship (California Digital Library),OPENALEX,Q08;Q09,https://openalex.org/W263873038,,UNSCREENED,,,,,,,,,,,,,,,,,,,,,,,,,,,,
SCHPRISMA-000713,10.1111/j.1558-5646.2007.00312.x,SEQUENTIAL CONFLICTING SELECTION DUE TO MULTISPECIFIC INTERACTIONS TRIGGERS EVOLUTIONARY TRADE-OFFS IN A MONOCARPIC HERB,2008,Evolution,OPENALEX,Q12,https://openalex.org/W2029054339,,UNSCREENED,,,,,,,,,,,,,,,,,,,,,,,,,,,,
SCHPRISMA-000714,10.1007/s00442-019-04539-1,Settling on leaves or flowers: herbivore feeding site determines the outcome of indirect interactions between herbivores and pollinators,2019,Oecologia,OPENALEX,Q01;Q02;Q05;Q07;Q09;Q10;Q11,https://openalex.org/W2989188993,,UNSCREENED,,,,,,,,,,,,,,,,,,,,,,,,,,,,
SCHPRISMA-000715,10.1002/ece3.3014,Sex‐biased oviposition by a nursery pollinator on a gynodioecious host plant: Implications for breeding system evolution and evolution of mutualism,2017,Ecology and Evolution,OPENALEX,Q01;Q02;Q03;Q05;Q08;Q09;Q10;Q12,https://openalex.org/W2619306434,,UNSCREENED,,,,,,,,,,,,,,,,,,,,,,,,,,,,
SCHPRISMA-000716,10.1002/ajb2.70207,"Sex‐biased seed predation in a gynodioecious species, Sidalcea campestris",2026,American Journal of Botany,OPENALEX,Q10,https://openalex.org/W7161062153,,UNSCREENED,,,,,,,,,,,,,,,,,,,,,,,,,,,,
SCHPRISMA-000717,10.1111/1442-1984.12191,Sex‐biased seed predation in gynodioecious Dianthus superbus var. longicalycinus (Capryophyllaceae) and differential influence of two seed predator species on the floral traits,2017,Plant Species Biology,OPENALEX,Q12,https://openalex.org/W2759854806,,UNSCREENED,,,,,,,,,,,,,,,,,,,,,,,,,,,,
SCHPRISMA-000718,10.1002/ece3.4378,Sexual and temporal variations in floral scent in the subdioecious shrub Eurya japonica Thunb,2018,Ecology and Evolution,OPENALEX,Q01;Q02;Q03;Q05;Q12,https://openalex.org/W2884918764,,UNSCREENED,,,,,,,,,,,,,,,,,,,,,,,,,,,,
SCHPRISMA-000719,10.1093/aob/mcr217,Sexual Plant Reproduction,2011,Annals of Botany,OPENALEX,Q08,https://openalex.org/W2087545324,,UNSCREENED,,,,,,,,,,,,,,,,,,,,,,,,,,,,
SCHPRISMA-000720,10.1034/j.1600-0706.2001.940209.x,Shift to mutualism in parasitic lineages of the fig/fig wasp interaction,2001,Oikos,OPENALEX,Q13,https://openalex.org/W2166658457,,UNSCREENED,,,,,,,,,,,,,,,,,,,,,,,,,,,,
SCHPRISMA-000721,10.33338/ef.48444,"Silene latifolia temporal patterns of volatile induction and suppression after floral interaction by the nursery pollinator, Hadena bicruris (Lepidoptera: Noctuidae)",2015,Entomologica Fennica,OPENALEX,Q01;Q03;Q05;Q09,https://openalex.org/W210544365,,UNSCREENED,,,,,,,,,,,,,,,,,,,,,,,,,,,,
SCHPRISMA-000722,10.1093/aob/mcab129,Simulated herbivory enhances leaky sex expression in the dioecious herb Mercurialis annua,2021,Annals of Botany,OPENALEX,Q01;Q06;Q08;Q10,https://openalex.org/W3206158289,,UNSCREENED,,,,,,,,,,,,,,,,,,,,,,,,,,,,
SCHPRISMA-000723,10.1002/ajb2.1403,Simulated pollinator declines intensify selection on floral traits that facilitate selfing and outcrossing in Impatiens capensis,2019,American Journal of Botany,OPENALEX,Q09,https://openalex.org/W2995074257,,UNSCREENED,,,,,,,,,,,,,,,,,,,,,,,,,,,,
SCHPRISMA-000724,10.1093/aob/mcae118,Simulation of early season herbivory via mechanical damage affects flower production in pumpkin (Cucurbita pepo ssp. pepo),2024,Annals of Botany,OPENALEX,Q01;Q05;Q08;Q10;Q11,https://openalex.org/W4401253118,,UNSCREENED,,,,,,,,,,,,,,,,,,,,,,,,,,,,
SCHPRISMA-000725,10.1093/aob/mcaa168,Slippery flowers as a mechanism of defence against nectar-thieving ants,2020,Annals of Botany,OPENALEX,Q02;Q03;Q10;Q11;Q12,https://openalex.org/W3118848224,,UNSCREENED,,,,,,,,,,,,,,,,,,,,,,,,,,,,
SCHPRISMA-000726,10.1101/2020.06.10.144147,Slippery flowers as a mechanism of defence against nectar-thieving ants,2020,bioRxiv (Cold Spring Harbor Laboratory),OPENALEX,Q02;Q03;Q10;Q11;Q12,https://openalex.org/W3034521059,,UNSCREENED,,,,,,,,,,,,,,,,,,,,,,,,,,,,
SCHPRISMA-000727,10.3389/frbee.2024.1357811,Small Amazonian stingless bees: an opportunity for targeted cocoa pollination,2024,Frontiers in Bee Science,OPENALEX,Q01;Q09,https://openalex.org/W4401277005,,UNSCREENED,,,,,,,,,,,,,,,,,,,,,,,,,,,,
SCHPRISMA-000728,10.1371/journal.pone.0312143,Socioecological drivers of mutualistic and antagonistic plant-insect interactions and interaction outcomes in suburban landscapes,2024,PLoS ONE,OPENALEX,Q09;Q10;Q13,https://openalex.org/W4404399337,,UNSCREENED,,,,,,,,,,,,,,,,,,,,,,,,,,,,
SCHPRISMA-000729,10.1111/1365-2745.70067,Soil moisture influences nectar robbing and plant fitness in a primrose species,2025,Journal of Ecology,OPENALEX,Q05;Q08;Q09;Q10;Q13,https://openalex.org/W4410500674,,UNSCREENED,,,,,,,,,,,,,,,,,,,,,,,,,,,,
SCHPRISMA-000730,,Some effects of variability in nectar renewal-rates on the hummingbird-foraging/plant-pollination mutualism,2000,UA Campus Repository (The University of Arizona),OPENALEX,Q10,https://openalex.org/W640900286,,UNSCREENED,,,,,,,,,,,,,,,,,,,,,,,,,,,,
SCHPRISMA-000731,10.1002/ajb2.70102,Sources of variation in plant chemical diversity: Lessons from Malagasy Ficus,2025,American Journal of Botany,OPENALEX,Q12,https://openalex.org/W4414444121,,UNSCREENED,,,,,,,,,,,,,,,,,,,,,,,,,,,,
SCHPRISMA-000732,10.1111/oik.01426,Spatial structure of an individual‐based plant–pollinator network,2014,Oikos,OPENALEX,Q10,https://openalex.org/W2152997032,,UNSCREENED,,,,,,,,,,,,,,,,,,,,,,,,,,,,
SCHPRISMA-000733,10.1111/njb.03014,Spatial variation in scent emission within flowers,2021,Nordic Journal of Botany,OPENALEX,Q11,https://openalex.org/W3177534865,,UNSCREENED,,,,,,,,,,,,,,,,,,,,,,,,,,,,
SCHPRISMA-000734,10.1093/aob/mcx177,"Spatio-temporal arrangement of Chamaerops humilis inflorescences and occupancy patterns by its nursery pollinator, Derelomus chamaeropsis",2017,Annals of Botany,OPENALEX,Q05;Q08;Q12,https://openalex.org/W2782104750,,UNSCREENED,,,,,,,,,,,,,,,,,,,,,,,,,,,,
SCHPRISMA-000735,10.1111/j.1365-2745.2007.01334.x,Spatio‐temporal variation in fruit production and seed predation in a perennial herb influenced by habitat quality and population size,2008,Journal of Ecology,OPENALEX,Q08,https://openalex.org/W2169969543,,UNSCREENED,,,,,,,,,,,,,,,,,,,,,,,,,,,,
SCHPRISMA-000736,10.3390/plants14152266,Spatiotemporal Variations in Nectar Robbing and Its Effects on Reproduction in Salvia castanea Diels (Lamiaceae),2025,Plants,OPENALEX,Q13,https://openalex.org/W4412593772,,UNSCREENED,,,,,,,,,,,,,,,,,,,,,,,,,,,,
SCHPRISMA-000737,10.1016/j.actao.2024.104016,Specialist fig-consuming lepidopterans can inflict costs to plant reproductive success that are mitigated by ant bodyguards,2024,Acta Oecologica,OPENALEX,Q12,https://openalex.org/W4400131152,,UNSCREENED,,,,,,,,,,,,,,,,,,,,,,,,,,,,
SCHPRISMA-000738,10.5091/plecevo.169286,Specialized fly pollination in Apoballis mutata (Araceae): high reproductive success in the absence of a trap system,2026,Plant Ecology and Evolution,OPENALEX,Q10;Q11,https://openalex.org/W7159000266,,UNSCREENED,,,,,,,,,,,,,,,,,,,,,,,,,,,,
SCHPRISMA-000739,10.1093/aobpla/plw091,Species-environment interactions changed by introduced herbivores in an oceanic high-mountain ecosystem,2017,AoB Plants,OPENALEX,Q08;Q10,https://openalex.org/W2570317080,,UNSCREENED,,,,,,,,,,,,,,,,,,,,,,,,,,,,
SCHPRISMA-000740,10.1186/s12870-019-2082-6,Stability of petal color polymorphism: the significance of anthocyanin accumulation in photosynthetic tissues,2019,BMC Plant Biology,OPENALEX,Q12,https://openalex.org/W2989435825,,UNSCREENED,,,,,,,,,,,,,,,,,,,,,,,,,,,,
SCHPRISMA-000741,10.1111/j.1570-7458.2008.00683.x,Start making scents: the challenge of integrating chemistry into pollination ecology,2008,Entomologia Experimentalis et Applicata,OPENALEX,Q01,https://openalex.org/W1967964319,,UNSCREENED,,,,,,,,,,,,,,,,,,,,,,,,,,,,
SCHPRISMA-000742,10.14288/1.0072010,Studies investigating evolutionary transitions in plant reproduction,2011,cIRcle (University of British Columbia),OPENALEX,Q08;Q09;Q10,https://openalex.org/W2344789611,,UNSCREENED,,,,,,,,,,,,,,,,,,,,,,,,,,,,
SCHPRISMA-000743,10.1002/ece3.72812,Study on Floral Syndrome and Breeding System of an Endangered Species Rhododendron nymphaeoides,2025,Ecology and Evolution,OPENALEX,Q13,https://openalex.org/W7116959948,,UNSCREENED,,,,,,,,,,,,,,,,,,,,,,,,,,,,
SCHPRISMA-000744,10.1016/j.envexpbot.2023.105438,Supplemental far-red light influences flowering traits and interactions with a pollinator in tomato crops,2023,Environmental and Experimental Botany,OPENALEX,Q01;Q05;Q08;Q09,https://openalex.org/W4384157236,,UNSCREENED,,,,,,,,,,,,,,,,,,,,,,,,,,,,
SCHPRISMA-000745,10.1101/2025.07.17.665288,"Sweet to arrive, fermented to fly: flower-insect interactions in a Mexican dry forest population of Annona macroprophyllata (Annonaceae)",2025,bioRxiv (Cold Spring Harbor Laboratory),OPENALEX,Q02,https://openalex.org/W4412529209,,UNSCREENED,,,,,,,,,,,,,,,,,,,,,,,,,,,,
SCHPRISMA-000746,10.21203/rs.3.rs-3685202/v1,Symbiotic arbuscular mycorrhiza amplifies herbivory interactions and decreases the energy of floral nectar,2023,Research Square,OPENALEX,Q09,https://openalex.org/W4389381975,,UNSCREENED,,,,,,,,,,,,,,,,,,,,,,,,,,,,
SCHPRISMA-000747,10.1002/ece3.2794,Synergistic effects of floral phytochemicals against a bumble bee parasite,2017,Ecology and Evolution,OPENALEX,Q01;Q10,https://openalex.org/W2588388391,,UNSCREENED,,,,,,,,,,,,,,,,,,,,,,,,,,,,
SCHPRISMA-000748,10.3389/fpls.2021.791680.s001,Table_1_Leaf Induction Impacts Behavior and Performance of a Pollinating Herbivore.XLSX,2021,Figshare,OPENALEX,Q01;Q05;Q08;Q10,https://openalex.org/W4200562029,,UNSCREENED,,,,,,,,,,,,,,,,,,,,,,,,,,,,
SCHPRISMA-000749,10.3389/fpls.2021.791680.s002,Table_2_Leaf Induction Impacts Behavior and Performance of a Pollinating Herbivore.XLSX,2021,Figshare,OPENALEX,Q01;Q05;Q08;Q10,https://openalex.org/W4200568641,,UNSCREENED,,,,,,,,,,,,,,,,,,,,,,,,,,,,
SCHPRISMA-000750,10.1201/9781003681755-4,Terpenoids and Their Multifunctional Roles in Plant Defense and Ecology,2026,,OPENALEX,Q01,https://openalex.org/W7167491026,,UNSCREENED,,,,,,,,,,,,,,,,,,,,,,,,,,,,
SCHPRISMA-000751,10.26786/1920-7603(2019)540,Testing how antagonistic interactions impact the robustness of plant-pollinator networks,2019,Journal of Pollination Ecology,OPENALEX,Q13,https://openalex.org/W2965143189,,UNSCREENED,,,,,,,,,,,,,,,,,,,,,,,,,,,,
SCHPRISMA-000752,10.1111/1365-2745.13135,Testing the Distraction Hypothesis: Do extrafloral nectaries reduce ant‐pollinator conflict?,2019,Journal of Ecology,OPENALEX,Q01;Q05,https://openalex.org/W2913733831,,UNSCREENED,,,,,,,,,,,,,,,,,,,,,,,,,,,,
SCHPRISMA-000753,10.1073/pnas.0901387106,The bouquet of grapevine ( Vitis vinifera L. cv. Cabernet Sauvignon) flowers arises from the biosynthesis of sesquiterpene volatiles in pollen grains,2009,Proceedings of the National Academy of Sciences,OPENALEX,Q01;Q05,https://openalex.org/W2027010793,,UNSCREENED,,,,,,,,,,,,,,,,,,,,,,,,,,,,
SCHPRISMA-000754,,"The breeding system and demography of the Transvaal Sesame-bush, Sesamothamnus lugardii (Pedaliaceae)",2019,ResearchSpace (University of KwaZulu-Natal),OPENALEX,Q01;Q02;Q04;Q05;Q09;Q10;Q13,https://openalex.org/W3096066085,,UNSCREENED,,,,,,,,,,,,,,,,,,,,,,,,,,,,
SCHPRISMA-000755,10.1111/j.1469-8137.2006.01845.x,The chemical nature of fetid floral odours in stapeliads (Apocynaceae‐Asclepiadoideae‐Ceropegieae),2006,New Phytologist,OPENALEX,Q01;Q05,https://openalex.org/W2085216225,,UNSCREENED,,,,,,,,,,,,,,,,,,,,,,,,,,,,
SCHPRISMA-000756,10.22032/dbt.50027,The circadian timing system in Nicotiana attenuata: a functional connection between the circadian clock and hormone signaling in plant-insect interactions,2021,Common Library Network (Der Gemeinsame Bibliotheksverbund),OPENALEX,Q05,https://openalex.org/W3201623931,,UNSCREENED,,,,,,,,,,,,,,,,,,,,,,,,,,,,
SCHPRISMA-000757,10.1111/plb.12080,"The comparative reproductive biology of a tetraploid species, H edychium villosum, and its diploid progenitor H . tenuiflorum( Z ingiberaceae)",2013,Plant Biology,OPENALEX,Q09;Q13,https://openalex.org/W2127117362,,UNSCREENED,,,,,,,,,,,,,,,,,,,,,,,,,,,,
SCHPRISMA-000758,10.1890/0012-9658(1999)080[0125:tcofhf]2.0.co;2,THE CONSEQUENCES OF FLORAL HERBIVORY FOR POLLINATOR SERVICE TOISOMERIS ARBOREA,1999,Ecology,OPENALEX,Q08,https://openalex.org/W2149635784,,UNSCREENED,,,,,,,,,,,,,,,,,,,,,,,,,,,,
SCHPRISMA-000759,10.1093/jpe/rtad036,The conspicuously large bracts influence reproductive success in Thunia alba (Orchidaceae),2023,Journal of Plant Ecology,OPENALEX,Q09;Q10;Q12;Q13,https://openalex.org/W4388594823,,UNSCREENED,,,,,,,,,,,,,,,,,,,,,,,,,,,,
SCHPRISMA-000760,10.1086/705584,The Context Dependence of Pollinator-Mediated Selection in Natural Populations,2019,International Journal of Plant Sciences,OPENALEX,Q01;Q02;Q03;Q08;Q09;Q10;Q12,https://openalex.org/W2981026205,,UNSCREENED,,,,,,,,,,,,,,,,,,,,,,,,,,,,
SCHPRISMA-000761,10.1111/j.1420-9101.2011.02436.x,The contribution of a pollinating seed predator to selection on Silene latifolia females,2011,Journal of Evolutionary Biology,OPENALEX,Q12,https://openalex.org/W1566594765,,UNSCREENED,,,,,,,,,,,,,,,,,,,,,,,,,,,,
SCHPRISMA-000762,10.1007/s00442-016-3703-5,The dilemma of being a fragrant flower: the major floral volatile attracts pollinators and florivores in the euglossine-pollinated orchid Dichaea pendula,2016,Oecologia,OPENALEX,Q02,https://openalex.org/W2508137164,,UNSCREENED,,,,,,,,,,,,,,,,,,,,,,,,,,,,
SCHPRISMA-000763,10.1890/03-0390,THE DUAL ROLE OF FLORAL TRAITS: POLLINATOR ATTRACTION AND PLANT DEFENSE,2004,Ecology,OPENALEX,Q13,https://openalex.org/W2163369687,,UNSCREENED,,,,,,,,,,,,,,,,,,,,,,,,,,,,
SCHPRISMA-000764,10.3390/insects13040393,The Early Season Community of Flower-Visiting Arthropods in a High-Altitude Alpine Environment,2022,Insects,OPENALEX,Q01;Q09,https://openalex.org/W4224127940,,UNSCREENED,,,,,,,,,,,,,,,,,,,,,,,,,,,,
SCHPRISMA-000765,,The Ecological Consequences and Adaptive Function of Nectar Secondary Metabolites,2010,TSpace (University of Toronto),OPENALEX,Q01;Q03;Q04;Q10;Q12;Q13,https://openalex.org/W1169004872,,UNSCREENED,,,,,,,,,,,,,,,,,,,,,,,,,,,,
SCHPRISMA-000766,10.25148/etd.fidc000730,The Ecology of Extrafloral Nectar in Senna mexicana var. chapmanii,2016,,OPENALEX,Q08;Q12;Q13,https://openalex.org/W2559101903,,UNSCREENED,,,,,,,,,,,,,,,,,,,,,,,,,,,,
SCHPRISMA-000767,,The Ecology of Floral Signals in Penstemon digitalis,2016,KTH Publication Database DiVA (KTH Royal Institute of Technology),OPENALEX,Q11,https://openalex.org/W2524381471,,UNSCREENED,,,,,,,,,,,,,,,,,,,,,,,,,,,,
SCHPRISMA-000768,,The ecology of pollination and nectar robbing in Linaria vulgaris in the Colorado Rocky Mountains,2004,TSpace (University of Toronto),OPENALEX,Q01;Q03;Q04;Q08;Q10;Q12;Q13,https://openalex.org/W7133015872,,UNSCREENED,,,,,,,,,,,,,,,,,,,,,,,,,,,,
SCHPRISMA-000769,,The effect of aphids in parasitoid-caterpillar-plant interactions,2007,VTechWorks (Virginia Tech),OPENALEX,Q08;Q10;Q12;Q13,https://openalex.org/W2581271744,,UNSCREENED,,,,,,,,,,,,,,,,,,,,,,,,,,,,
SCHPRISMA-000770,10.53846/goediss-8987,The effect of diversified crop rotations with faba beans (Vicia faba L.) on pollinators and pollination services,2021,,OPENALEX,Q08;Q13,https://openalex.org/W4213032316,,UNSCREENED,,,,,,,,,,,,,,,,,,,,,,,,,,,,
SCHPRISMA-000771,10.1093/aob/mcae057,The effect of global change on the expression and evolution of floral traits,2024,Annals of Botany,OPENALEX,Q01;Q02;Q03;Q04;Q05;Q06;Q07;Q08;Q09;Q10;Q11;Q12;Q13,https://openalex.org/W4394761049,,UNSCREENED,,,,,,,,,,,,,,,,,,,,,,,,,,,,
SCHPRISMA-000772,10.1093/aob/mcaf258,The effect of herbivory on pollinators: a revisited meta-analysis,2025,Annals of Botany,OPENALEX,Q05;Q08;Q10;Q11,https://openalex.org/W4415241059,,UNSCREENED,,,,,,,,,,,,,,,,,,,,,,,,,,,,
SCHPRISMA-000773,10.3732/ajb.1100295,The effect of mammalian herbivory on inflorescence architecture in ornithophilous Babiana (Iridaceae): Implications for the evolution of a bird perch,2012,American Journal of Botany,OPENALEX,Q08;Q12,https://openalex.org/W2122733790,,UNSCREENED,,,,,,,,,,,,,,,,,,,,,,,,,,,,
SCHPRISMA-000774,10.1371/journal.pone.0080934,The Effect of Pollen Source vs. Flower Type on Progeny Performance and Seed Predation under Contrasting Light Environments in a Cleistogamous Herb,2013,PLoS ONE,OPENALEX,Q12,https://openalex.org/W2007623793,,UNSCREENED,,,,,,,,,,,,,,,,,,,,,,,,,,,,
SCHPRISMA-000775,10.1007/s10682-016-9878-8,The effect of pollinators and herbivores on selection for floral signals: a case study in Brassica rapa,2016,Evolutionary Ecology,OPENALEX,Q10;Q11,https://openalex.org/W2567715265,,UNSCREENED,,,,,,,,,,,,,,,,,,,,,,,,,,,,
SCHPRISMA-000776,10.5167/uzh-157675,"The effect of pollinators, herbivores and predators on floral trait evolution",2018,Zurich Open Repository and Archive (University of Zurich),OPENALEX,Q01;Q02;Q03;Q05;Q06;Q07;Q08;Q09;Q10;Q11;Q12,https://openalex.org/W2943657423,,UNSCREENED,,,,,,,,,,,,,,,,,,,,,,,,,,,,
SCHPRISMA-000777,10.1111/tpj.13440,The effects of becoming taller: direct and pleiotropic effects of artificial selection on plant height in Brassica rapa,2016,The Plant Journal,OPENALEX,Q01;Q09,https://openalex.org/W2549629585,,UNSCREENED,,,,,,,,,,,,,,,,,,,,,,,,,,,,
SCHPRISMA-000778,,The effects of foliar damage on flower characteristics and pollinator visits in Vicia faba,2002,St Andrews Research Repository (St Andrews Research Repository),OPENALEX,Q07;Q08;Q09;Q12,https://openalex.org/W3216294623,,UNSCREENED,,,,,,,,,,,,,,,,,,,,,,,,,,,,
SCHPRISMA-000779,10.1101/2020.05.08.084400,The enemy of my enemy is my friend: Nematode infection of pollinating and non-pollinating fig wasps has net benefits for the fig-fig wasp pollination mutualism,2020,bioRxiv (Cold Spring Harbor Laboratory),OPENALEX,Q13,https://openalex.org/W3022267609,,UNSCREENED,,,,,,,,,,,,,,,,,,,,,,,,,,,,
SCHPRISMA-000780,10.1016/j.pld.2024.12.004,The ethics of theft: Reevaluating the impacts of floral larceny on plant reproductive success,2024,Acta Botanica Yunnanica,OPENALEX,Q01;Q04;Q10;Q13,https://openalex.org/W4405624660,,UNSCREENED,,,,,,,,,,,,,,,,,,,,,,,,,,,,
SCHPRISMA-000781,,"The Evolution of Diet Width in Lasioglossum (Chilalictus) (Halictidae, Apoidea), in Association with Speciation and Sensory Morphology",2020,Adelaide Research & Scholarship (AR&S) (University of Adelaide),OPENALEX,Q01,https://openalex.org/W3012450839,,UNSCREENED,,,,,,,,,,,,,,,,,,,,,,,,,,,,
SCHPRISMA-000782,10.1186/1471-2229-14-63,The evolution of floral deception in Epipactis veratrifolia (Orchidaceae): from indirect defense to pollination,2014,BMC Plant Biology,OPENALEX,Q01;Q05,https://openalex.org/W1987750403,,UNSCREENED,,,,,,,,,,,,,,,,,,,,,,,,,,,,
SCHPRISMA-000783,10.1111/j.1461-0248.2010.01451.x,The evolution of floral scent and insect chemical communication,2010,Ecology Letters,OPENALEX,Q01;Q05,https://openalex.org/W1534995759,,UNSCREENED,,,,,,,,,,,,,,,,,,,,,,,,,,,,
SCHPRISMA-000784,,The evolution of flower size and flowering behaviour in plants: The role of pollination and pre-dispersal seed predation,2008,ePrints Soton (University of Southampton),OPENALEX,Q08;Q09;Q10;Q12,https://openalex.org/W187194798,,UNSCREENED,,,,,,,,,,,,,,,,,,,,,,,,,,,,
SCHPRISMA-000785,10.1111/evo.12318,THE EVOLUTION OF POLLINATOR-PLANT INTERACTION TYPES IN THE ARACEAE,2013,Evolution,OPENALEX,Q10,https://openalex.org/W1908469999,,UNSCREENED,,,,,,,,,,,,,,,,,,,,,,,,,,,,
SCHPRISMA-000786,,THE EVOLUTIONARY ECOLOGY OF FLORAL SCENT IN HESPERIS MATRONALIS: ASSESSING THE POTENTIAL FOR POLLINATOR-MEDIATED NATURAL SELECTION,2008,D-Scholarship@Pitt (University of Pittsburgh),OPENALEX,Q01;Q02;Q05;Q06;Q08;Q09,https://openalex.org/W2123701087,,UNSCREENED,,,,,,,,,,,,,,,,,,,,,,,,,,,,
SCHPRISMA-000787,10.3732/ajb.1600367,The evolutionary ecology of “mutual services” in the 21st century,2016,American Journal of Botany,OPENALEX,Q01;Q10,https://openalex.org/W2545413510,,UNSCREENED,,,,,,,,,,,,,,,,,,,,,,,,,,,,
SCHPRISMA-000788,,"The fig wasps associated with Ficus microcarpa, an invasive fig tree",2014,"White Rose eTheses Online (University of Leeds, The University of Sheffield, University of York)",OPENALEX,Q01;Q03;Q12,https://openalex.org/W1503605287,,UNSCREENED,,,,,,,,,,,,,,,,,,,,,,,,,,,,
SCHPRISMA-000789,10.1007/s10265-023-01466-4,The floral biology and the role of staminal connective appendages during pollination of the endoparasite Bdallophytum americanum (Cytinaceae),2023,Journal of Plant Research,OPENALEX,Q02,https://openalex.org/W4380442378,,UNSCREENED,,,,,,,,,,,,,,,,,,,,,,,,,,,,
SCHPRISMA-000790,10.1073/pnas.2602521123,The floral illusion: A parasitic beetle mimics the scent of flowers to attract bees,2026,Proceedings of the National Academy of Sciences,OPENALEX,Q01;Q05;Q11,https://openalex.org/W7171522012,,UNSCREENED,,,,,,,,,,,,,,,,,,,,,,,,,,,,
SCHPRISMA-000791,10.64898/2026.01.15.699641,The floral illusion: A parasitic beetle mimics the scent of flowers to attract bees,2026,bioRxiv (Cold Spring Harbor Laboratory),OPENALEX,Q01;Q05,https://openalex.org/W7124425172,,UNSCREENED,,,,,,,,,,,,,,,,,,,,,,,,,,,,
SCHPRISMA-000792,10.1186/s40657-021-00256-7,The flowerpiercers interactions with a community of high Andean plants,2021,Avian Research,OPENALEX,Q10;Q13,https://openalex.org/W3164242958,,UNSCREENED,,,,,,,,,,,,,,,,,,,,,,,,,,,,
SCHPRISMA-000793,10.1002/ece3.70380,The Functional Dilemma of Nectar Mimic Staminodes in Parnassia wightiana (Celastraceae): Attracting Pollinators and Florivorous Beetles,2024,Ecology and Evolution,OPENALEX,Q09;Q10;Q11;Q12,https://openalex.org/W4403047268,,UNSCREENED,,,,,,,,,,,,,,,,,,,,,,,,,,,,
SCHPRISMA-000794,,"The good, the bad and the flexible: interactions of Erysimum capitatum with pollinators and herbivores over space and time",2011,CU Scholar (University of Colorado Boulder),OPENALEX,Q06;Q08;Q09;Q10;Q12,https://openalex.org/W2595382830,,UNSCREENED,,,,,,,,,,,,,,,,,,,,,,,,,,,,
SCHPRISMA-000795,10.4161/psb.4.6.8573,The importance of floral signals in the establishment of plant-ant mutualisms,2009,Plant Signaling & Behavior,OPENALEX,Q10;Q11,https://openalex.org/W2066658703,,UNSCREENED,,,,,,,,,,,,,,,,,,,,,,,,,,,,
SCHPRISMA-000796,10.1111/evo.12070,THE INFLUENCE OF POLLINATOR PHYLOGEOGRAPHY AND MATE PREFERENCE ON FLORAL DIVERGENCE IN A SEXUALLY DECEPTIVE DAISY,2013,Evolution,OPENALEX,Q10,https://openalex.org/W2102406100,,UNSCREENED,,,,,,,,,,,,,,,,,,,,,,,,,,,,
SCHPRISMA-000797,10.1038/s41598-023-29965-3,The interplay between spatiotemporal overlap and morphology as determinants of microstructure suggests no ‘perfect fit’ in a bat-flower network,2023,Scientific Reports,OPENALEX,Q10,https://openalex.org/W4320912785,,UNSCREENED,,,,,,,,,,,,,,,,,,,,,,,,,,,,
SCHPRISMA-000798,10.1126/science.311.5762.803,The Invisible Bouquet,2006,Science,OPENALEX,Q06,https://openalex.org/W2062827522,,UNSCREENED,,,,,,,,,,,,,,,,,,,,,,,,,,,,
SCHPRISMA-000799,10.14288/1.0088369,The maintenance of gynodioecy in sidalcea hendersonii,2009,cIRcle (University of British Columbia),OPENALEX,Q08;Q09;Q12,https://openalex.org/W2337054274,,UNSCREENED,,,,,,,,,,,,,,,,,,,,,,,,,,,,
SCHPRISMA-000800,10.1093/aob/mcv189,The mean and variability of a floral trait have opposing effects on fitness traits,2016,Annals of Botany,OPENALEX,Q10,https://openalex.org/W2273159398,,UNSCREENED,,,,,,,,,,,,,,,,,,,,,,,,,,,,
SCHPRISMA-000801,10.1093/jxb/erag038,The microbiota of avocado floral nectar inhibits pathogens and improves plant fitness,2026,Journal of Experimental Botany,OPENALEX,Q10,https://openalex.org/W7125481415,,UNSCREENED,,,,,,,,,,,,,,,,,,,,,,,,,,,,
SCHPRISMA-000802,10.1111/j.1365-313x.2008.03412.x,The multiple phenylpropene synthases in both Clarkia breweri and Petunia hybrida represent two distinct protein lineages,2008,The Plant Journal,OPENALEX,Q01;Q05,https://openalex.org/W2164187151,,UNSCREENED,,,,,,,,,,,,,,,,,,,,,,,,,,,,
SCHPRISMA-000803,10.1371/journal.pone.0102661,"The Only African Wild Tobacco, Nicotiana africana: Alkaloid Content and the Effect of Herbivory",2014,PLoS ONE,OPENALEX,Q01,https://openalex.org/W1967543158,,UNSCREENED,,,,,,,,,,,,,,,,,,,,,,,,,,,,
SCHPRISMA-000804,,The pollination ecology of highbush blueberry (Vaccinium corymbosum) in British Columbia,2018,Summit (Simon Fraser University),OPENALEX,Q08;Q12,https://openalex.org/W2948041883,,UNSCREENED,,,,,,,,,,,,,,,,,,,,,,,,,,,,
SCHPRISMA-000805,,The population biology of dispersal and gene flow in the desert shrub Acacia (Senegalia) greggii A. Gray in the Mojave National Preserve,2014,eScholarship (California Digital Library),OPENALEX,Q08;Q12,https://openalex.org/W784929381,,UNSCREENED,,,,,,,,,,,,,,,,,,,,,,,,,,,,
SCHPRISMA-000806,10.1002/ajb2.16063,The potential for floral evolution in response to competing selection pressures following the loss of hawkmoth pollination in Ruellia humilis,2022,American Journal of Botany,OPENALEX,Q12,https://openalex.org/W4294631609,,UNSCREENED,,,,,,,,,,,,,,,,,,,,,,,,,,,,
SCHPRISMA-000807,10.4257/oeco.2018.2204.01,THE POTENTIAL OF PLANTS TO MEDIATE THE INTERACTION BETWEEN HERBIVORY AND POLLINATION,2018,Oecologia Australis,OPENALEX,Q01;Q04;Q05;Q08;Q10;Q11;Q13,https://openalex.org/W2904805414,,UNSCREENED,,,,,,,,,,,,,,,,,,,,,,,,,,,,
SCHPRISMA-000808,10.1016/j.actao.2019.03.006,"The presence of a larval honey bee parasite, Ascosphaera apis, on flowers reduces pollinator visitation to several plant species",2019,Acta Oecologica,OPENALEX,Q10;Q11,https://openalex.org/W2928234886,,UNSCREENED,,,,,,,,,,,,,,,,,,,,,,,,,,,,
SCHPRISMA-000809,10.1186/gb-2013-14-6-207,The promise of genomics in the study of plant-pollinator interactions,2013,Genome biology,OPENALEX,Q10,https://openalex.org/W2113490592,,UNSCREENED,,,,,,,,,,,,,,,,,,,,,,,,,,,,
SCHPRISMA-000810,10.1111/1365-2745.70336,The Red Queen unveils the sexual and mating strategies of flowers,2026,Journal of Ecology,OPENALEX,Q08;Q09;Q10,https://openalex.org/W7160511120,,UNSCREENED,,,,,,,,,,,,,,,,,,,,,,,,,,,,
SCHPRISMA-000811,10.3929/ethz-c-000800091,The Red Queen unveils the sexual and mating strategies of flowers,2026,Repository for Publications and Research Data (ETH Zurich),OPENALEX,Q10,https://openalex.org/W7161066984,,UNSCREENED,,,,,,,,,,,,,,,,,,,,,,,,,,,,
SCHPRISMA-000812,10.20381/ruor-2688,"The Relative Roles of Herbivore- and Pollinator-mediated Selection on the Evolution of Floral Display in the Invasive Plant, Lythrum salicaria",2015,uO Research (University of Ottawa),OPENALEX,Q08,https://openalex.org/W2741423460,,UNSCREENED,,,,,,,,,,,,,,,,,,,,,,,,,,,,
SCHPRISMA-000813,10.1002/ajb2.1216,The renaissance of comparative biochemistry,2019,American Journal of Botany,OPENALEX,Q01;Q05;Q06,https://openalex.org/W2908713911,,UNSCREENED,,,,,,,,,,,,,,,,,,,,,,,,,,,,
SCHPRISMA-000814,10.1086/673883,The Role of Pollinator-Mediated Selection in the Divergence of Floral Traits between Two Closely Related Plant Species,2014,International Journal of Plant Sciences,OPENALEX,Q10;Q12,https://openalex.org/W2086675188,,UNSCREENED,,,,,,,,,,,,,,,,,,,,,,,,,,,,
SCHPRISMA-000815,10.7818/ecos.1433,The role of pollinators in floral evolution: a Mediterranean perspective,2018,Ecosistemas,OPENALEX,Q01;Q03;Q04;Q10;Q12;Q13,https://openalex.org/W2892368206,,UNSCREENED,,,,,,,,,,,,,,,,,,,,,,,,,,,,
SCHPRISMA-000816,10.1111/plb.13744,The roles of florivory and herbivory in maintaining intra‐population flower colour variation in Anemone coronaria,2024,Plant Biology,OPENALEX,Q06;Q07;Q10,https://openalex.org/W4404814446,,UNSCREENED,,,,,,,,,,,,,,,,,,,,,,,,,,,,
SCHPRISMA-000817,,The selective advantage of mast flowering in Veratrum album subsp. oxysepalum : Implications of the predator satiation hypothesis,2022,Institutional Repositories DataBase (IRDB),OPENALEX,Q12,https://openalex.org/W7145633163,,UNSCREENED,,,,,,,,,,,,,,,,,,,,,,,,,,,,
SCHPRISMA-000818,10.1002/ajb2.16089,The selective advantage of mast flowering in Veratrum album subsp. oxysepalum: Implications of the predator satiation hypothesis,2022,American Journal of Botany,OPENALEX,Q12,https://openalex.org/W4306873949,,UNSCREENED,,,,,,,,,,,,,,,,,,,,,,,,,,,,
SCHPRISMA-000819,10.3389/fevo.2021.698137,The Sensory and Cognitive Ecology of Nectar Robbing,2021,Frontiers in Ecology and Evolution,OPENALEX,Q10;Q11;Q13,https://openalex.org/W3205760949,,UNSCREENED,,,,,,,,,,,,,,,,,,,,,,,,,,,,
SCHPRISMA-000820,,The short term impact of a collection of commercial Cape honeybee (Apis mellifera capensis Esch.) colonies on invertebrate flower visitors within a near pristine Fynbos habitat in the Cape Floristic Region,2009,SUNScholar (Stellenbosch University),OPENALEX,Q13,https://openalex.org/W587245009,,UNSCREENED,,,,,,,,,,,,,,,,,,,,,,,,,,,,
SCHPRISMA-000821,10.3390/d14040266,The Similarity of Floral Scent Composition in Two Breynia Species Pollinated by the Same Host-Specific Epicephala Moth,2022,Diversity,OPENALEX,Q03,https://openalex.org/W4220939617,,UNSCREENED,,,,,,,,,,,,,,,,,,,,,,,,,,,,
SCHPRISMA-000822,10.3389/fevo.2021.724712,The Size of it: Scant Evidence That Flower Size Variation Affects Deception in Intersexual Floral Mimicry,2021,Frontiers in Ecology and Evolution,OPENALEX,Q13,https://openalex.org/W3195241769,,UNSCREENED,,,,,,,,,,,,,,,,,,,,,,,,,,,,
SCHPRISMA-000823,10.1111/aje.70062,The Structure of Sunbird Floral Visitation and Pollen Transport Networks From an Afrotropical Agricultural Landscape,2025,African Journal of Ecology,OPENALEX,Q13,https://openalex.org/W4410974607,,UNSCREENED,,,,,,,,,,,,,,,,,,,,,,,,,,,,
SCHPRISMA-000824,10.1111/j.1469-8137.2006.01903.x,The sweet stench of decay,2006,New Phytologist,OPENALEX,Q01;Q05,https://openalex.org/W1987369982,,UNSCREENED,,,,,,,,,,,,,,,,,,,,,,,,,,,,
SCHPRISMA-000825,10.7490/f1000research.1116038.1,Timing of floral volatiles emission in two sympatric Schiedea species (Caryophyllaceae) coincides with foraging activity of a shared crepuscular pollinator,2018,,OPENALEX,Q01;Q05,https://openalex.org/W2980302629,,UNSCREENED,,,,,,,,,,,,,,,,,,,,,,,,,,,,
SCHPRISMA-000826,10.1093/aobpla/plac067,To each their own! Nectar plasticity within a flower mediates distinct ecological interactions,2022,AoB Plants,OPENALEX,Q13,https://openalex.org/W4313367042,,UNSCREENED,,,,,,,,,,,,,,,,,,,,,,,,,,,,
SCHPRISMA-000827,10.3390/plants9121645,"Tools to Tie: Flower Characteristics, VOC Emission Profile, and Glandular Trichomes of Two Mexican Salvia Species to Attract Bees",2020,Plants,OPENALEX,Q01;Q04;Q05;Q08;Q09;Q10;Q13,https://openalex.org/W3106763223,,UNSCREENED,,,,,,,,,,,,,,,,,,,,,,,,,,,,
SCHPRISMA-000828,10.4161/psb.5.7.12134,Towards elucidating the differential regulation of floral and extrafloral nectar secretion,2010,Plant Signaling & Behavior,OPENALEX,Q05,https://openalex.org/W2168596347,,UNSCREENED,,,,,,,,,,,,,,,,,,,,,,,,,,,,
SCHPRISMA-000829,10.1186/s12862-024-02301-7,Trades-offs between pollinator attraction and florivore defense maximize reproductive success in the self-incompatible Rivea ornata (Convolvulaceae),2024,BMC Ecology and Evolution,OPENALEX,Q01;Q02;Q06;Q10,https://openalex.org/W4402074833,,UNSCREENED,,,,,,,,,,,,,,,,,,,,,,,,,,,,
SCHPRISMA-000830,10.1002/ece3.10228,"Trait matching in a multi‐species geographic mosaic of leafflower plants, brood pollinators, and cheaters",2023,Ecology and Evolution,OPENALEX,Q10,https://openalex.org/W4383067658,,UNSCREENED,,,,,,,,,,,,,,,,,,,,,,,,,,,,
SCHPRISMA-000831,,Traits morphologiques et biochimiques impliqués dans la spécialisation de Trollius europaeus sur les pollinisateurs prédateurs de graines Chiastocheta spp.,2009,HAL (Le Centre pour la Communication Scientifique Directe),OPENALEX,Q12,https://openalex.org/W27109092,,UNSCREENED,,,,,,,,,,,,,,,,,,,,,,,,,,,,
SCHPRISMA-000832,10.1038/s41598-018-21880-2,Trans-generational inheritance of herbivory-induced phenotypic changes in Brassica rapa,2018,Scientific Reports,OPENALEX,Q01;Q09;Q10;Q11,https://openalex.org/W2804528786,,UNSCREENED,,,,,,,,,,,,,,,,,,,,,,,,,,,,
SCHPRISMA-000833,10.1002/ajb2.1402,Transgenerational impacts of herbivory and inbreeding on reproductive output in Solanum carolinense,2020,American Journal of Botany,OPENALEX,Q12,https://openalex.org/W2998819520,,UNSCREENED,,,,,,,,,,,,,,,,,,,,,,,,,,,,
SCHPRISMA-000834,10.1093/aob/mcr192,Twenty-five years of progress in understanding pollination mechanisms in palms (Arecaceae),2011,Annals of Botany,OPENALEX,Q01,https://openalex.org/W2116728781,,UNSCREENED,,,,,,,,,,,,,,,,,,,,,,,,,,,,
SCHPRISMA-000835,10.1186/s12862-018-1314-y,"Two’s company, three’s a crowd: co-occurring pollinators and parasite species in Breynia oblongifolia (Phyllanthaceae)",2018,BMC Evolutionary Biology,OPENALEX,Q12,https://openalex.org/W2904377536,,UNSCREENED,,,,,,,,,,,,,,,,,,,,,,,,,,,,
SCHPRISMA-000836,10.1016/j.ijppaw.2022.02.011,"Understanding effects of floral products on bee parasites: Mechanisms, synergism, and ecological complexity",2022,International Journal for Parasitology Parasites and Wildlife,OPENALEX,Q10,https://openalex.org/W4220998480,,UNSCREENED,,,,,,,,,,,,,,,,,,,,,,,,,,,,
SCHPRISMA-000837,,"Understanding Natural Selection On Floral Traits: Variation, Agents And Consequences",2011,eCommons (Cornell University),OPENALEX,Q01;Q03;Q05;Q07;Q08;Q09;Q10;Q12,https://openalex.org/W937187466,,UNSCREENED,,,,,,,,,,,,,,,,,,,,,,,,,,,,
SCHPRISMA-000838,10.1002/ece3.3441,Unsuccessful introduced biocontrol agents can act as pollinators of invasive weeds: Bitou Bush (Chrysanthemoides monilifera ssp. rotundata) as an example,2017,Ecology and Evolution,OPENALEX,Q12,https://openalex.org/W2757872886,,UNSCREENED,,,,,,,,,,,,,,,,,,,,,,,,,,,,
SCHPRISMA-000839,10.1016/j.ufug.2024.128627,"Urbanization affects population connectivity, reproductive success and phenotypic traits in the Mediterranean cliff species Brassica incana (Brassicaceae)",2024,Urban forestry & urban greening,OPENALEX,Q05;Q10,https://openalex.org/W4404839255,,UNSCREENED,,,,,,,,,,,,,,,,,,,,,,,,,,,,
SCHPRISMA-000840,10.1590/s1519-566x2008000400006,Utilização dos recursos florais pelos visitantes em Sparattosperma leucanthum (Vell.) K. Schum. (Bignoniaceae),2008,Neotropical Entomology,OPENALEX,Q13,https://openalex.org/W2070470786,,UNSCREENED,,,,,,,,,,,,,,,,,,,,,,,,,,,,
SCHPRISMA-000841,10.3389/fpls.2023.1133065,Variation in gene expression along an elevation gradient of Rhododendron sanguineum var. haemaleum assessed in a comparative transcriptomic analysis,2023,Frontiers in Plant Science,OPENALEX,Q01,https://openalex.org/W4328119033,,UNSCREENED,,,,,,,,,,,,,,,,,,,,,,,,,,,,
SCHPRISMA-000842,10.1093/aob/mcu243,Variation in pollen limitation and floral parasitism across a mating system transition in a Pacific coastal dune plant: evolutionary causes or ecological consequences?,2014,Annals of Botany,OPENALEX,Q09,https://openalex.org/W2325485352,,UNSCREENED,,,,,,,,,,,,,,,,,,,,,,,,,,,,
SCHPRISMA-000843,10.1046/j.1365-2311.2001.00298.x,Variation in predation costs with Chiastocheta egg number on Trollius europaeus : how many seeds to pay for pollination?,2001,Ecological Entomology,OPENALEX,Q12,https://openalex.org/W2026971716,,UNSCREENED,,,,,,,,,,,,,,,,,,,,,,,,,,,,
SCHPRISMA-000844,10.18130/v3q063,Variation in Volatile Emission in Mimulus guttatus and Implications for Plant-Insect Interactions,2017,,OPENALEX,Q01;Q05;Q08;Q09;Q11,https://openalex.org/W3199855206,,UNSCREENED,,,,,,,,,,,,,,,,,,,,,,,,,,,,
SCHPRISMA-000845,10.1111/j.1558-5646.2010.00950.x,VARIATIONS ON A THEME-THE ECOLOGY AND EVOLUTION OF WITHIN-PLANT DIVERSITY,2010,Evolution,OPENALEX,Q09;Q12,https://openalex.org/W1979516209,,UNSCREENED,,,,,,,,,,,,,,,,,,,,,,,,,,,,
SCHPRISMA-000846,10.1101/2024.12.27.628428,Vegetative induction increases plant resistance to antagonistic insect frugivores,2024,bioRxiv (Cold Spring Harbor Laboratory),OPENALEX,Q09;Q10;Q12,https://openalex.org/W4405844113,,UNSCREENED,,,,,,,,,,,,,,,,,,,,,,,,,,,,
SCHPRISMA-000847,10.1111/oik.10422,Vertebrate grazing can mitigate impacts of nutrient addition on plant diversity and insect abundance in a semi‐natural grassland,2024,Oikos,OPENALEX,Q09,https://openalex.org/W4394918675,,UNSCREENED,,,,,,,,,,,,,,,,,,,,,,,,,,,,
SCHPRISMA-000848,10.1371/journal.ppat.1005790,Virus Infection of Plants Alters Pollinator Preference: A Payback for Susceptible Hosts?,2016,PLoS Pathogens,OPENALEX,Q01;Q05;Q09,https://openalex.org/W2507706804,,UNSCREENED,,,,,,,,,,,,,,,,,,,,,,,,,,,,
SCHPRISMA-000849,10.1111/boj.12435,Visitation rate of pollinators and nectar robbers to the flowers and inflorescences ofTabebuia aurea(Bignoniaceae): effects of floral display size and habitat fragmentation,2016,Botanical Journal of the Linnean Society,OPENALEX,Q13,https://openalex.org/W2371889317,,UNSCREENED,,,,,,,,,,,,,,,,,,,,,,,,,,,,
SCHPRISMA-000850,10.3390/plants13030391,"Visual-, Olfactory-, and Nectar-Taste-Based Flower Aposematism",2024,Plants,OPENALEX,Q01;Q02;Q04;Q05;Q06;Q07;Q08;Q09;Q10;Q13,https://openalex.org/W4391324404,,UNSCREENED,,,,,,,,,,,,,,,,,,,,,,,,,,,,
SCHPRISMA-000851,10.1111/boj.12212,Visual signalling of nectar-offering flowers and specific morphological traits favour robust bee pollinators in the mass-flowering tree Handroanthus impetiginosus (Bignoniaceae),2014,Botanical Journal of the Linnean Society,OPENALEX,Q13,https://openalex.org/W2100191521,,UNSCREENED,,,,,,,,,,,,,,,,,,,,,,,,,,,,
SCHPRISMA-000852,10.15517/rbt.v64i3.21300,Volatile compounds profile of Bromeliaceae flowers,2016,Revista de Biología Tropical,OPENALEX,Q01;Q05,https://openalex.org/W2526679452,,UNSCREENED,,,,,,,,,,,,,,,,,,,,,,,,,,,,
SCHPRISMA-000853,10.1371/journal.pone.0277603,Volatile organic compounds influence prey composition in Sarracenia carnivorous plants,2023,PLoS ONE,OPENALEX,Q01;Q05,https://openalex.org/W4366351358,,UNSCREENED,,,,,,,,,,,,,,,,,,,,,,,,,,,,
SCHPRISMA-000854,10.1016/j.sajb.2019.03.035,Wand plant architecture in the Fynbos: Testing the rodent herbivory hypothesis,2019,South African Journal of Botany,OPENALEX,Q12,https://openalex.org/W2953085193,,UNSCREENED,,,,,,,,,,,,,,,,,,,,,,,,,,,,
SCHPRISMA-000855,10.1093/aobpla/plad061,Water deficit changes patterns of selection on floral signals and nectar rewards in the common morning glory,2023,AoB Plants,OPENALEX,Q01;Q05;Q06;Q07;Q08;Q09;Q10;Q11,https://openalex.org/W4386156818,,UNSCREENED,,,,,,,,,,,,,,,,,,,,,,,,,,,,
SCHPRISMA-000856,10.1007/s13593-015-0342-x,Weed-insect pollinator networks as bio-indicators of ecological sustainability in agriculture. A review,2016,Agronomy for Sustainable Development,OPENALEX,Q01;Q03;Q04;Q05;Q06;Q07;Q08;Q10;Q12;Q13,https://openalex.org/W2258564852,,UNSCREENED,,,,,,,,,,,,,,,,,,,,,,,,,,,,
SCHPRISMA-000857,10.3390/plants13162249,Weed Role for Pollinator in the Agroecosystem: Plant–Insect Interactions and Agronomic Strategies for Biodiversity Conservation,2024,Plants,OPENALEX,Q12;Q13,https://openalex.org/W4401540456,,UNSCREENED,,,,,,,,,,,,,,,,,,,,,,,,,,,,
SCHPRISMA-000858,10.26786/1920-7603(2022)663,What are the plant reproductive consequences of losing a nectar robber?,2022,Journal of Pollination Ecology,OPENALEX,Q10;Q13,https://openalex.org/W4289712009,,UNSCREENED,,,,,,,,,,,,,,,,,,,,,,,,,,,,
SCHPRISMA-000859,10.26021/9212,What prevents hybridisation in Celmisia?,2012,UC Research Repository  (University of Canterbury),OPENALEX,Q12,https://openalex.org/W411131178,,UNSCREENED,,,,,,,,,,,,,,,,,,,,,,,,,,,,
SCHPRISMA-000860,10.1111/j.1469-8137.2012.04229.x,What you smell is more important than what you see? Natural selection on floral scent,2012,New Phytologist,OPENALEX,Q01;Q03;Q04;Q09;Q10;Q12;Q13,https://openalex.org/W1684736114,,UNSCREENED,,,,,,,,,,,,,,,,,,,,,,,,,,,,
SCHPRISMA-000861,10.1111/nph.12924,When mutualism goes bad: density‐dependent impacts of introduced bees on plant reproduction,2014,New Phytologist,OPENALEX,Q12;Q13,https://openalex.org/W2170240822,,UNSCREENED,,,,,,,,,,,,,,,,,,,,,,,,,,,,
SCHPRISMA-000862,10.1111/plb.13680,Why are the inner and outer sides of many flower petals differently coloured?,2024,Plant Biology,OPENALEX,Q06;Q07;Q08;Q09,https://openalex.org/W4400070459,,UNSCREENED,,,,,,,,,,,,,,,,,,,,,,,,,,,,
SCHPRISMA-000863,10.2307/1313439,Why Do Flowers Vary?,1999,BioScience,OPENALEX,Q08;Q09;Q12;Q13,https://openalex.org/W2255124264,,UNSCREENED,,,,,,,,,,,,,,,,,,,,,,,,,,,,
SCHPRISMA-000864,10.1002/ajb2.1291,Within‐plant heterogeneity in fecundity and herbivory induced by localized DNA hypomethylation in the perennial herb Helleborus foetidus,2019,American Journal of Botany,OPENALEX,Q12,https://openalex.org/W2948208685,,UNSCREENED,,,,,,,,,,,,,,,,,,,,,,,,,,,,
SCHPRISMA-000865,10.3389/fevo.2022.790883,Worldwide Distribution of Antagonistic-Mutualistic Relationships Between Parrots and Palms,2022,Frontiers in Ecology and Evolution,OPENALEX,Q12,https://openalex.org/W4280609392,,UNSCREENED,,,,,,,,,,,,,,,,,,,,,,,,,,,,
SCHPRISMA-000866,10.1101/721845,Yeast volatomes differentially effect larval feeding in an insect herbivore,2019,bioRxiv (Cold Spring Harbor Laboratory),OPENALEX,Q01,https://openalex.org/W2966461826,,UNSCREENED,,,,,,,,,,,,,,,,,,,,,,,,,,,,
SCHPRISMA-000867,10.11609/jott.7930.14.8.21642-21650,Zoophily and nectar-robbing by sunbirds in Gardenia latifolia Ait. (Rubiaceae),2022,Journal of Threatened Taxa,OPENALEX,Q13,https://openalex.org/W4293182242,,UNSCREENED,,,,,,,,,,,,,,,,,,,,,,,,,,,,
SCHPRISMA-000868,10.3390/molecules22071148,"β-Ocimene, a Key Floral and Foliar Volatile Involved in Multiple Interactions between Plants and Other Organisms",2017,Molecules,OPENALEX,Q01;Q02;Q03;Q05;Q12,https://openalex.org/W2734476153,,UNSCREENED,,,,,,,,,,,,,,,,,,,,,,,,,,,,
